00	international d
01	australian auto
02	DriverLicence
03	DriverLicences
04	Driver Lic
05	Driver Licence
06	Driver Licences
07	DriversLic
08	DriversLicence
09	DriversLicences
10	Drivers Lic
11	Drivers Lics
12	Drivers Licence
13	Driver'Lic
14	Driver'Lics
15	Driver'Licence
16	Driver'Licences
17	Driver' Lic
18	Driver' Lics
19	Driver' Licence
20	Driver'sLic
21	Driver'sLics
22	Driver'sLicence
23	Driver's Lic
24	Driver's Lics
25	Driver's Licenc
26	DriverLic#
27	DriverLics#
28	DriverLicence#
29	DriverLicences#
30	Driver Lic#
31	Driver Lics#
32	Driver Licence#
33	DriversLic#
34	DriversLics#
35	DriversLicence#
36	Drivers Lic#
37	Drivers Lics#
38	Driver'Lic#
39	Driver'Lics#
40	Driver'Licence#
41	Driver' Lic#
42	Driver' Lics#
43	Driver'sLic#
44	Driver'sLics#
45	Driver's Lic#
46	Driver's Lics#
