package	repo	files	license	binary_rpm	source_rpm
Lmod-8.7.7-1.el7.x86_64	epel	1	MIT AND LGPL-2.0-only	https://kojipkgs.fedoraproject.org/packages/Lmod/8.7.7/1.el7/x86_64/Lmod-8.7.7-1.el7.x86_64.rpm	https://github.com/TACC/Lmod/archive/refs/tags/8.7.7.tar.gz
NetworkManager-1.18.8-2.el7_9.x86_64	centos-updates	8	GPLv2+	https://vault.centos.org/7.9.2009/updates/x86_64/Packages/NetworkManager-1.18.8-2.el7_9.x86_64.rpm	https://vault.centos.org/7.9.2009/updates/Source/SPackages/NetworkManager-1.18.8-2.el7_9.src.rpm
NetworkManager-libnm-1.18.8-2.el7_9.x86_64	centos-updates	1	GPLv2+	https://vault.centos.org/7.9.2009/updates/x86_64/Packages/NetworkManager-libnm-1.18.8-2.el7_9.x86_64.rpm	https://vault.centos.org/7.9.2009/updates/Source/SPackages/NetworkManager-1.18.8-2.el7_9.src.rpm
NetworkManager-team-1.18.8-2.el7_9.x86_64	centos-updates	1	GPLv2+	https://vault.centos.org/7.9.2009/updates/x86_64/Packages/NetworkManager-team-1.18.8-2.el7_9.x86_64.rpm	https://vault.centos.org/7.9.2009/updates/Source/SPackages/NetworkManager-1.18.8-2.el7_9.src.rpm
NetworkManager-tui-1.18.8-2.el7_9.x86_64	centos-updates	1	GPLv2+	https://vault.centos.org/7.9.2009/updates/x86_64/Packages/NetworkManager-tui-1.18.8-2.el7_9.x86_64.rpm	https://vault.centos.org/7.9.2009/updates/Source/SPackages/NetworkManager-1.18.8-2.el7_9.src.rpm
acl-2.2.51-15.el7.x86_64	centos-os	3	GPLv2+	https://vault.centos.org/7.9.2009/os/x86_64/Packages/acl-2.2.51-15.el7.x86_64.rpm	https://vault.centos.org/7.9.2009/os/Source/SPackages/acl-2.2.51-15.el7.src.rpm
acpid-2.0.19-9.el7.x86_64	centos-os	3	GPLv2+	https://vault.centos.org/7.9.2009/os/x86_64/Packages/acpid-2.0.19-9.el7.x86_64.rpm	https://vault.centos.org/7.9.2009/os/Source/SPackages/acpid-2.0.19-9.el7.src.rpm
alsa-lib-1.1.8-1.el7.x86_64	centos-os	2	LGPLv2+	https://vault.centos.org/7.9.2009/os/x86_64/Packages/alsa-lib-1.1.8-1.el7.x86_64.rpm	https://vault.centos.org/7.9.2009/os/Source/SPackages/alsa-lib-1.1.8-1.el7.src.rpm
alsa-tools-firmware-1.1.0-1.el7.x86_64	centos-os	4	GPLv2+	https://vault.centos.org/7.9.2009/os/x86_64/Packages/alsa-tools-firmware-1.1.0-1.el7.x86_64.rpm	https://vault.centos.org/7.9.2009/os/Source/SPackages/alsa-tools-1.1.0-1.el7.src.rpm
apr-1.4.8-7.el7.x86_64	centos-os	1	ASL 2.0 and BSD with advertising and ISC and BSD	https://vault.centos.org/7.9.2009/os/x86_64/Packages/apr-1.4.8-7.el7.x86_64.rpm	https://vault.centos.org/7.9.2009/os/Source/SPackages/apr-1.4.8-7.el7.src.rpm
apr-util-1.5.2-6.el7.x86_64	centos-os	1	ASL 2.0	https://vault.centos.org/7.9.2009/os/x86_64/Packages/apr-util-1.5.2-6.el7.x86_64.rpm	https://vault.centos.org/7.9.2009/os/Source/SPackages/apr-util-1.5.2-6.el7.src.rpm
at-3.1.13-25.el7_9.x86_64	centos-updates	2	GPLv3+ and GPLv2+ and ISC and MIT and Public Domain	https://vault.centos.org/7.9.2009/updates/x86_64/Packages/at-3.1.13-25.el7_9.x86_64.rpm	https://vault.centos.org/7.9.2009/updates/Source/SPackages/at-3.1.13-25.el7_9.src.rpm
audit-2.8.5-4.el7.x86_64	centos-os	9	GPLv2+	https://vault.centos.org/7.9.2009/os/x86_64/Packages/audit-2.8.5-4.el7.x86_64.rpm	https://vault.centos.org/7.9.2009/os/Source/SPackages/audit-2.8.5-4.el7.src.rpm
audit-libs-2.8.5-4.el7.x86_64	centos-os	2	LGPLv2+	https://vault.centos.org/7.9.2009/os/x86_64/Packages/audit-libs-2.8.5-4.el7.x86_64.rpm	https://vault.centos.org/7.9.2009/os/Source/SPackages/audit-2.8.5-4.el7.src.rpm
avahi-libs-0.6.31-20.el7.x86_64	centos-os	2	LGPLv2+	https://vault.centos.org/7.9.2009/os/x86_64/Packages/avahi-libs-0.6.31-20.el7.x86_64.rpm	https://vault.centos.org/7.9.2009/os/Source/SPackages/avahi-0.6.31-20.el7.src.rpm
bash-4.2.46-35.el7_9.x86_64	centos-updates	1	GPLv3+	https://vault.centos.org/7.9.2009/updates/x86_64/Packages/bash-4.2.46-35.el7_9.x86_64.rpm	https://vault.centos.org/7.9.2009/updates/Source/SPackages/bash-4.2.46-35.el7_9.src.rpm
bc-1.06.95-13.el7.x86_64	centos-os	2	GPLv2+	https://vault.centos.org/7.9.2009/os/x86_64/Packages/bc-1.06.95-13.el7.x86_64.rpm	https://vault.centos.org/7.9.2009/os/Source/SPackages/bc-1.06.95-13.el7.src.rpm
bind-export-libs-9.11.4-26.P2.el7_9.9.x86_64	centos-updates	4	MPLv2.0	https://vault.centos.org/7.9.2009/updates/x86_64/Packages/bind-export-libs-9.11.4-26.P2.el7_9.9.x86_64.rpm	https://vault.centos.org/7.9.2009/updates/Source/SPackages/bind-9.11.4-26.P2.el7_9.9.src.rpm
binutils-2.27-44.base.el7_9.1.x86_64	centos-updates	19	GPLv3+	https://vault.centos.org/7.9.2009/updates/x86_64/Packages/binutils-2.27-44.base.el7_9.1.x86_64.rpm	https://vault.centos.org/7.9.2009/updates/Source/SPackages/binutils-2.27-44.base.el7_9.1.src.rpm
biosdevname-0.7.3-2.el7.x86_64	centos-os	1	GPLv2	https://vault.centos.org/7.9.2009/os/x86_64/Packages/biosdevname-0.7.3-2.el7.x86_64.rpm	https://vault.centos.org/7.9.2009/os/Source/SPackages/biosdevname-0.7.3-2.el7.src.rpm
bison-3.0.4-2.el7.x86_64	centos-os	1	GPLv3+	https://vault.centos.org/7.9.2009/os/x86_64/Packages/bison-3.0.4-2.el7.x86_64.rpm	https://vault.centos.org/7.9.2009/os/Source/SPackages/bison-3.0.4-2.el7.src.rpm
boost-date-time-1.53.0-28.el7.x86_64	centos-os	2	Boost and MIT and Python	https://vault.centos.org/7.9.2009/os/x86_64/Packages/boost-date-time-1.53.0-28.el7.x86_64.rpm	https://vault.centos.org/7.9.2009/os/Source/SPackages/boost-1.53.0-28.el7.src.rpm
boost-regex-1.53.0-28.el7.x86_64	centos-os	2	Boost and MIT and Python	https://vault.centos.org/7.9.2009/os/x86_64/Packages/boost-regex-1.53.0-28.el7.x86_64.rpm	https://vault.centos.org/7.9.2009/os/Source/SPackages/boost-1.53.0-28.el7.src.rpm
boost-system-1.53.0-28.el7.x86_64	centos-os	2	Boost and MIT and Python	https://vault.centos.org/7.9.2009/os/x86_64/Packages/boost-system-1.53.0-28.el7.x86_64.rpm	https://vault.centos.org/7.9.2009/os/Source/SPackages/boost-1.53.0-28.el7.src.rpm
boost-thread-1.53.0-28.el7.x86_64	centos-os	1	Boost and MIT and Python	https://vault.centos.org/7.9.2009/os/x86_64/Packages/boost-thread-1.53.0-28.el7.x86_64.rpm	https://vault.centos.org/7.9.2009/os/Source/SPackages/boost-1.53.0-28.el7.src.rpm
btrfs-progs-4.9.1-1.el7.x86_64	centos-os	11	GPLv2	https://vault.centos.org/7.9.2009/os/x86_64/Packages/btrfs-progs-4.9.1-1.el7.x86_64.rpm	https://vault.centos.org/7.9.2009/os/Source/SPackages/btrfs-progs-4.9.1-1.el7.src.rpm
byacc-1.9.20130304-3.el7.x86_64	centos-os	1	Public Domain	https://vault.centos.org/7.9.2009/os/x86_64/Packages/byacc-1.9.20130304-3.el7.x86_64.rpm	https://vault.centos.org/7.9.2009/os/Source/SPackages/byacc-1.9.20130304-3.el7.src.rpm
bzip2-1.0.6-13.el7.x86_64	centos-os	2	BSD	https://vault.centos.org/7.9.2009/os/x86_64/Packages/bzip2-1.0.6-13.el7.x86_64.rpm	https://vault.centos.org/7.9.2009/os/Source/SPackages/bzip2-1.0.6-13.el7.src.rpm
bzip2-libs-1.0.6-13.el7.x86_64	centos-os	1	BSD	https://vault.centos.org/7.9.2009/os/x86_64/Packages/bzip2-libs-1.0.6-13.el7.x86_64.rpm	https://vault.centos.org/7.9.2009/os/Source/SPackages/bzip2-1.0.6-13.el7.src.rpm
chkconfig-1.7.6-1.el7.x86_64	centos-os	2	GPLv2	https://vault.centos.org/7.9.2009/os/x86_64/Packages/chkconfig-1.7.6-1.el7.x86_64.rpm	https://vault.centos.org/7.9.2009/os/Source/SPackages/chkconfig-1.7.6-1.el7.src.rpm
chrony-3.4-1.el7.x86_64	centos-os	2	GPLv2	https://vault.centos.org/7.9.2009/os/x86_64/Packages/chrony-3.4-1.el7.x86_64.rpm	https://vault.centos.org/7.9.2009/os/Source/SPackages/chrony-3.4-1.el7.src.rpm
coreutils-8.22-24.el7_9.2.x86_64	centos-updates	103	GPLv3+	https://vault.centos.org/7.9.2009/updates/x86_64/Packages/coreutils-8.22-24.el7_9.2.x86_64.rpm	https://vault.centos.org/7.9.2009/updates/Source/SPackages/coreutils-8.22-24.el7_9.2.src.rpm
cpio-2.11-28.el7.x86_64	centos-os	1	GPLv3+	https://vault.centos.org/7.9.2009/os/x86_64/Packages/cpio-2.11-28.el7.x86_64.rpm	https://vault.centos.org/7.9.2009/os/Source/SPackages/cpio-2.11-28.el7.src.rpm
cpp-4.8.5-44.el7.x86_64	centos-os	2	GPLv3+ and GPLv3+ with exceptions and GPLv2+ with exceptions and LGPLv2+ and BSD	https://vault.centos.org/7.9.2009/os/x86_64/Packages/cpp-4.8.5-44.el7.x86_64.rpm	https://vault.centos.org/7.9.2009/os/Source/SPackages/gcc-4.8.5-44.el7.src.rpm
cracklib-2.9.0-11.el7.x86_64	centos-os	4	LGPLv2+	https://vault.centos.org/7.9.2009/os/x86_64/Packages/cracklib-2.9.0-11.el7.x86_64.rpm	https://vault.centos.org/7.9.2009/os/Source/SPackages/cracklib-2.9.0-11.el7.src.rpm
cronie-1.4.11-24.el7_9.x86_64	centos-updates	2	MIT and BSD and ISC and GPLv2+	https://vault.centos.org/7.9.2009/updates/x86_64/Packages/cronie-1.4.11-24.el7_9.x86_64.rpm	https://vault.centos.org/7.9.2009/updates/Source/SPackages/cronie-1.4.11-24.el7_9.src.rpm
cronie-anacron-1.4.11-24.el7_9.x86_64	centos-updates	1	MIT and BSD and ISC and GPLv2+	https://vault.centos.org/7.9.2009/updates/x86_64/Packages/cronie-anacron-1.4.11-24.el7_9.x86_64.rpm	https://vault.centos.org/7.9.2009/updates/Source/SPackages/cronie-1.4.11-24.el7_9.src.rpm
cryptsetup-libs-2.0.3-6.el7.x86_64	centos-os	2	GPLv2+ and LGPLv2+	https://vault.centos.org/7.9.2009/os/x86_64/Packages/cryptsetup-libs-2.0.3-6.el7.x86_64.rpm	https://vault.centos.org/7.9.2009/os/Source/SPackages/cryptsetup-2.0.3-6.el7.src.rpm
cscope-15.8-10.el7.x86_64	centos-os	1	BSD and GPLv2+	https://vault.centos.org/7.9.2009/os/x86_64/Packages/cscope-15.8-10.el7.x86_64.rpm	https://vault.centos.org/7.9.2009/os/Source/SPackages/cscope-15.8-10.el7.src.rpm
ctags-5.8-13.el7.x86_64	centos-os	1	GPLv2+ and LGPLv2+ and Public Domain	https://vault.centos.org/7.9.2009/os/x86_64/Packages/ctags-5.8-13.el7.x86_64.rpm	https://vault.centos.org/7.9.2009/os/Source/SPackages/ctags-5.8-13.el7.src.rpm
cups-client-1.6.3-51.el7.x86_64	centos-os	9	GPLv2	https://vault.centos.org/7.9.2009/os/x86_64/Packages/cups-client-1.6.3-51.el7.x86_64.rpm	https://vault.centos.org/7.9.2009/os/Source/SPackages/cups-1.6.3-51.el7.src.rpm
cups-libs-1.6.3-51.el7.x86_64	centos-os	5	LGPLv2 and zlib	https://vault.centos.org/7.9.2009/os/x86_64/Packages/cups-libs-1.6.3-51.el7.x86_64.rpm	https://vault.centos.org/7.9.2009/os/Source/SPackages/cups-1.6.3-51.el7.src.rpm
curl-7.29.0-59.el7_9.1.x86_64	centos-updates	1	MIT	https://vault.centos.org/7.9.2009/updates/x86_64/Packages/curl-7.29.0-59.el7_9.1.x86_64.rpm	https://vault.centos.org/7.9.2009/updates/Source/SPackages/curl-7.29.0-59.el7_9.1.src.rpm
cyrus-sasl-lib-2.1.26-24.el7_9.x86_64	centos-updates	5	BSD with advertising	https://vault.centos.org/7.9.2009/updates/x86_64/Packages/cyrus-sasl-lib-2.1.26-24.el7_9.x86_64.rpm	https://vault.centos.org/7.9.2009/updates/Source/SPackages/cyrus-sasl-2.1.26-24.el7_9.src.rpm
dbus-1.10.24-15.el7.x86_64	centos-os	8	(GPLv2+ or AFL) and GPLv2+	https://vault.centos.org/7.9.2009/os/x86_64/Packages/dbus-1.10.24-15.el7.x86_64.rpm	https://vault.centos.org/7.9.2009/os/Source/SPackages/dbus-1.10.24-15.el7.src.rpm
dbus-glib-0.100-7.el7.x86_64	centos-os	2	AFL and GPLv2+	https://vault.centos.org/7.9.2009/os/x86_64/Packages/dbus-glib-0.100-7.el7.x86_64.rpm	https://vault.centos.org/7.9.2009/os/Source/SPackages/dbus-glib-0.100-7.el7.src.rpm
dbus-libs-1.10.24-15.el7.x86_64	centos-os	1	(GPLv2+ or AFL) and GPLv2+	https://vault.centos.org/7.9.2009/os/x86_64/Packages/dbus-libs-1.10.24-15.el7.x86_64.rpm	https://vault.centos.org/7.9.2009/os/Source/SPackages/dbus-1.10.24-15.el7.src.rpm
dbus-python-1.1.1-9.el7.x86_64	centos-os	2	MIT	https://vault.centos.org/7.9.2009/os/x86_64/Packages/dbus-python-1.1.1-9.el7.x86_64.rpm	https://vault.centos.org/7.9.2009/os/Source/SPackages/dbus-python-1.1.1-9.el7.src.rpm
device-mapper-1.02.170-6.el7_9.5.x86_64	centos-updates	2	GPLv2	https://vault.centos.org/7.9.2009/updates/x86_64/Packages/device-mapper-1.02.170-6.el7_9.5.x86_64.rpm	https://vault.centos.org/7.9.2009/updates/Source/SPackages/lvm2-2.02.187-6.el7_9.5.src.rpm
device-mapper-libs-1.02.170-6.el7_9.5.x86_64	centos-updates	1	LGPLv2	https://vault.centos.org/7.9.2009/updates/x86_64/Packages/device-mapper-libs-1.02.170-6.el7_9.5.x86_64.rpm	https://vault.centos.org/7.9.2009/updates/Source/SPackages/lvm2-2.02.187-6.el7_9.5.src.rpm
dhclient-4.2.5-83.el7.centos.1.x86_64	centos-updates	1	ISC	https://vault.centos.org/7.9.2009/updates/x86_64/Packages/dhclient-4.2.5-83.el7.centos.1.x86_64.rpm	https://vault.centos.org/7.9.2009/updates/Source/SPackages/dhcp-4.2.5-83.el7.centos.1.src.rpm
dhcp-libs-4.2.5-83.el7.centos.1.x86_64	centos-updates	2	ISC	https://vault.centos.org/7.9.2009/updates/x86_64/Packages/dhcp-libs-4.2.5-83.el7.centos.1.x86_64.rpm	https://vault.centos.org/7.9.2009/updates/Source/SPackages/dhcp-4.2.5-83.el7.centos.1.src.rpm
diffstat-1.57-4.el7.x86_64	centos-os	1	MIT	https://vault.centos.org/7.9.2009/os/x86_64/Packages/diffstat-1.57-4.el7.x86_64.rpm	https://vault.centos.org/7.9.2009/os/Source/SPackages/diffstat-1.57-4.el7.src.rpm
diffutils-3.3-5.el7.x86_64	centos-os	4	GPLv3+	https://vault.centos.org/7.9.2009/os/x86_64/Packages/diffutils-3.3-5.el7.x86_64.rpm	https://vault.centos.org/7.9.2009/os/Source/SPackages/diffutils-3.3-5.el7.src.rpm
dmidecode-3.2-5.el7_9.1.x86_64	centos-updates	4	GPLv2+	https://vault.centos.org/7.9.2009/updates/x86_64/Packages/dmidecode-3.2-5.el7_9.1.x86_64.rpm	https://vault.centos.org/7.9.2009/updates/Source/SPackages/dmidecode-3.2-5.el7_9.1.src.rpm
dosfstools-3.0.20-10.el7.x86_64	centos-os	3	GPLv3+	https://vault.centos.org/7.9.2009/os/x86_64/Packages/dosfstools-3.0.20-10.el7.x86_64.rpm	https://vault.centos.org/7.9.2009/os/Source/SPackages/dosfstools-3.0.20-10.el7.src.rpm
doxygen-1.8.5-4.el7.x86_64	centos-os	1	GPL+	https://vault.centos.org/7.9.2009/os/x86_64/Packages/doxygen-1.8.5-4.el7.x86_64.rpm	https://vault.centos.org/7.9.2009/os/Source/SPackages/doxygen-1.8.5-4.el7.src.rpm
dracut-033-572.el7.x86_64	centos-os	2	GPLv2+ and LGPLv2+	https://vault.centos.org/7.9.2009/os/x86_64/Packages/dracut-033-572.el7.x86_64.rpm	https://vault.centos.org/7.9.2009/os/Source/SPackages/dracut-033-572.el7.src.rpm
dwz-0.11-3.el7.x86_64	centos-os	1	GPLv2+ and GPLv3+	https://vault.centos.org/7.9.2009/os/x86_64/Packages/dwz-0.11-3.el7.x86_64.rpm	https://vault.centos.org/7.9.2009/os/Source/SPackages/dwz-0.11-3.el7.src.rpm
dyninst-9.3.1-3.el7.x86_64	centos-os	13	LGPLv2+	https://vault.centos.org/7.9.2009/os/x86_64/Packages/dyninst-9.3.1-3.el7.x86_64.rpm	https://vault.centos.org/7.9.2009/os/Source/SPackages/dyninst-9.3.1-3.el7.src.rpm
e2fsprogs-1.42.9-19.el7.x86_64	centos-os	23	GPLv2	https://vault.centos.org/7.9.2009/os/x86_64/Packages/e2fsprogs-1.42.9-19.el7.x86_64.rpm	https://vault.centos.org/7.9.2009/os/Source/SPackages/e2fsprogs-1.42.9-19.el7.src.rpm
e2fsprogs-libs-1.42.9-19.el7.x86_64	centos-os	2	GPLv2 and LGPLv2	https://vault.centos.org/7.9.2009/os/x86_64/Packages/e2fsprogs-libs-1.42.9-19.el7.x86_64.rpm	https://vault.centos.org/7.9.2009/os/Source/SPackages/e2fsprogs-1.42.9-19.el7.src.rpm
ebtables-2.0.10-16.el7.x86_64	centos-os	25	GPLv2+	https://vault.centos.org/7.9.2009/os/x86_64/Packages/ebtables-2.0.10-16.el7.x86_64.rpm	https://vault.centos.org/7.9.2009/os/Source/SPackages/ebtables-2.0.10-16.el7.src.rpm
ed-1.9-4.el7.x86_64	centos-os	1	GPLv3+, GFDL	https://vault.centos.org/7.9.2009/os/x86_64/Packages/ed-1.9-4.el7.x86_64.rpm	https://vault.centos.org/7.9.2009/os/Source/SPackages/ed-1.9-4.el7.src.rpm
efibootmgr-17-2.el7.x86_64	centos-os	1	GPLv2+	https://vault.centos.org/7.9.2009/os/x86_64/Packages/efibootmgr-17-2.el7.x86_64.rpm	https://vault.centos.org/7.9.2009/os/Source/SPackages/efibootmgr-17-2.el7.src.rpm
efivar-libs-36-12.el7.x86_64	centos-os	2	LGPLv2+	https://vault.centos.org/7.9.2009/os/x86_64/Packages/efivar-libs-36-12.el7.x86_64.rpm	https://vault.centos.org/7.9.2009/os/Source/SPackages/efivar-36-12.el7.src.rpm
elfutils-0.176-5.el7.x86_64	centos-os	15	GPLv3+ and (GPLv2+ or LGPLv3+)	https://vault.centos.org/7.9.2009/os/x86_64/Packages/elfutils-0.176-5.el7.x86_64.rpm	https://vault.centos.org/7.9.2009/os/Source/SPackages/elfutils-0.176-5.el7.src.rpm
elfutils-libelf-0.176-5.el7.x86_64	centos-os	1	GPLv2+ or LGPLv3+	https://vault.centos.org/7.9.2009/os/x86_64/Packages/elfutils-libelf-0.176-5.el7.x86_64.rpm	https://vault.centos.org/7.9.2009/os/Source/SPackages/elfutils-0.176-5.el7.src.rpm
elfutils-libs-0.176-5.el7.x86_64	centos-os	17	GPLv2+ or LGPLv3+	https://vault.centos.org/7.9.2009/os/x86_64/Packages/elfutils-libs-0.176-5.el7.x86_64.rpm	https://vault.centos.org/7.9.2009/os/Source/SPackages/elfutils-0.176-5.el7.src.rpm
ethtool-4.8-10.el7.x86_64	centos-os	1	GPLv2	https://vault.centos.org/7.9.2009/os/x86_64/Packages/ethtool-4.8-10.el7.x86_64.rpm	https://vault.centos.org/7.9.2009/os/Source/SPackages/ethtool-4.8-10.el7.src.rpm
expat-2.1.0-14.el7_9.x86_64	centos-updates	2	MIT	https://vault.centos.org/7.9.2009/updates/x86_64/Packages/expat-2.1.0-14.el7_9.x86_64.rpm	https://vault.centos.org/7.9.2009/updates/Source/SPackages/expat-2.1.0-14.el7_9.src.rpm
file-5.11-37.el7.x86_64	centos-os	1	BSD	https://vault.centos.org/7.9.2009/os/x86_64/Packages/file-5.11-37.el7.x86_64.rpm	https://vault.centos.org/7.9.2009/os/Source/SPackages/file-5.11-37.el7.src.rpm
file-libs-5.11-37.el7.x86_64	centos-os	1	BSD	https://vault.centos.org/7.9.2009/os/x86_64/Packages/file-libs-5.11-37.el7.x86_64.rpm	https://vault.centos.org/7.9.2009/os/Source/SPackages/file-5.11-37.el7.src.rpm
findutils-4.5.11-6.el7.x86_64	centos-os	3	GPLv3+	https://vault.centos.org/7.9.2009/os/x86_64/Packages/findutils-4.5.11-6.el7.x86_64.rpm	https://vault.centos.org/7.9.2009/os/Source/SPackages/findutils-4.5.11-6.el7.src.rpm
fipscheck-1.4.1-6.el7.x86_64	centos-os	2	BSD	https://vault.centos.org/7.9.2009/os/x86_64/Packages/fipscheck-1.4.1-6.el7.x86_64.rpm	https://vault.centos.org/7.9.2009/os/Source/SPackages/fipscheck-1.4.1-6.el7.src.rpm
fipscheck-lib-1.4.1-6.el7.x86_64	centos-os	1	BSD	https://vault.centos.org/7.9.2009/os/x86_64/Packages/fipscheck-lib-1.4.1-6.el7.x86_64.rpm	https://vault.centos.org/7.9.2009/os/Source/SPackages/fipscheck-1.4.1-6.el7.src.rpm
flex-2.5.37-6.el7.x86_64	centos-os	1	BSD and LGPLv2+	https://vault.centos.org/7.9.2009/os/x86_64/Packages/flex-2.5.37-6.el7.x86_64.rpm	https://vault.centos.org/7.9.2009/os/Source/SPackages/flex-2.5.37-6.el7.src.rpm
freetype-2.8-14.el7_9.1.x86_64	centos-updates	1	(FTL or GPLv2+) and BSD and MIT and Public Domain and zlib with acknowledgement	https://vault.centos.org/7.9.2009/updates/x86_64/Packages/freetype-2.8-14.el7_9.1.x86_64.rpm	https://vault.centos.org/7.9.2009/updates/Source/SPackages/freetype-2.8-14.el7_9.1.src.rpm
fxload-2002_04_11-16.el7.x86_64	centos-os	1	GPLv2+	https://vault.centos.org/7.9.2009/os/x86_64/Packages/fxload-2002_04_11-16.el7.x86_64.rpm	https://vault.centos.org/7.9.2009/os/Source/SPackages/fxload-2002_04_11-16.el7.src.rpm
gawk-4.0.2-4.el7_3.1.x86_64	centos-os	5	GPLv3+ and GPL and LGPLv3+ and LGPL and BSD	https://vault.centos.org/7.9.2009/os/x86_64/Packages/gawk-4.0.2-4.el7_3.1.x86_64.rpm	https://vault.centos.org/7.9.2009/os/Source/SPackages/gawk-4.0.2-4.el7_3.1.src.rpm
gcc-4.8.5-44.el7.x86_64	centos-os	21	GPLv3+ and GPLv3+ with exceptions and GPLv2+ with exceptions and LGPLv2+ and BSD	https://vault.centos.org/7.9.2009/os/x86_64/Packages/gcc-4.8.5-44.el7.x86_64.rpm	https://vault.centos.org/7.9.2009/os/Source/SPackages/gcc-4.8.5-44.el7.src.rpm
gcc-c++-4.8.5-44.el7.x86_64	centos-os	5	GPLv3+ and GPLv3+ with exceptions and GPLv2+ with exceptions and LGPLv2+ and BSD	https://vault.centos.org/7.9.2009/os/x86_64/Packages/gcc-c++-4.8.5-44.el7.x86_64.rpm	https://vault.centos.org/7.9.2009/os/Source/SPackages/gcc-4.8.5-44.el7.src.rpm
gcc-gfortran-4.8.5-44.el7.x86_64	centos-os	2	GPLv3+ and GPLv3+ with exceptions and GPLv2+ with exceptions and LGPLv2+ and BSD	https://vault.centos.org/7.9.2009/os/x86_64/Packages/gcc-gfortran-4.8.5-44.el7.x86_64.rpm	https://vault.centos.org/7.9.2009/os/Source/SPackages/gcc-4.8.5-44.el7.src.rpm
gdb-7.6.1-120.el7.x86_64	centos-os	1	GPLv3+ and GPLv3+ with exceptions and GPLv2+ and GPLv2+ with exceptions and GPL+ and LGPLv2+ and BSD and Public Domain	https://vault.centos.org/7.9.2009/os/x86_64/Packages/gdb-7.6.1-120.el7.x86_64.rpm	https://vault.centos.org/7.9.2009/os/Source/SPackages/gdb-7.6.1-120.el7.src.rpm
gdbm-1.10-8.el7.x86_64	centos-os	3	GPLv3+	https://vault.centos.org/7.9.2009/os/x86_64/Packages/gdbm-1.10-8.el7.x86_64.rpm	https://vault.centos.org/7.9.2009/os/Source/SPackages/gdbm-1.10-8.el7.src.rpm
gdisk-0.8.10-3.el7.x86_64	centos-os	4	GPLv2	https://vault.centos.org/7.9.2009/os/x86_64/Packages/gdisk-0.8.10-3.el7.x86_64.rpm	https://vault.centos.org/7.9.2009/os/Source/SPackages/gdisk-0.8.10-3.el7.src.rpm
gettext-0.19.8.1-3.el7.x86_64	centos-os	22	GPLv3+ and LGPLv2+	https://vault.centos.org/7.9.2009/os/x86_64/Packages/gettext-0.19.8.1-3.el7.x86_64.rpm	https://vault.centos.org/7.9.2009/os/Source/SPackages/gettext-0.19.8.1-3.el7.src.rpm
gettext-devel-0.19.8.1-3.el7.x86_64	centos-os	1	LGPLv2+ and GPLv3+	https://vault.centos.org/7.9.2009/os/x86_64/Packages/gettext-devel-0.19.8.1-3.el7.x86_64.rpm	https://vault.centos.org/7.9.2009/os/Source/SPackages/gettext-0.19.8.1-3.el7.src.rpm
gettext-libs-0.19.8.1-3.el7.x86_64	centos-os	4	LGPLv2+ and GPLv3+	https://vault.centos.org/7.9.2009/os/x86_64/Packages/gettext-libs-0.19.8.1-3.el7.x86_64.rpm	https://vault.centos.org/7.9.2009/os/Source/SPackages/gettext-0.19.8.1-3.el7.src.rpm
git-1.8.3.1-23.el7_8.x86_64	centos-os	126	GPLv2	https://vault.centos.org/7.9.2009/os/x86_64/Packages/git-1.8.3.1-23.el7_8.x86_64.rpm	https://vault.centos.org/7.9.2009/os/Source/SPackages/git-1.8.3.1-23.el7_8.src.rpm
glib2-2.56.1-9.el7_9.x86_64	centos-updates	11	LGPLv2+	https://vault.centos.org/7.9.2009/updates/x86_64/Packages/glib2-2.56.1-9.el7_9.x86_64.rpm	https://vault.centos.org/7.9.2009/updates/Source/SPackages/glib2-2.56.1-9.el7_9.src.rpm
glibc-2.17-322.el7_9.x86_64	centos-updates	281	LGPLv2+ and LGPLv2+ with exceptions and GPLv2+	https://vault.centos.org/7.9.2009/updates/x86_64/Packages/glibc-2.17-322.el7_9.x86_64.rpm	https://vault.centos.org/7.9.2009/updates/Source/SPackages/glibc-2.17-322.el7_9.src.rpm
glibc-2.17-324.el7_9.x86_64	centos-updates	1	LGPLv2+ and LGPLv2+ with exceptions and GPLv2+	https://vault.centos.org/7.9.2009/updates/x86_64/Packages/glibc-2.17-324.el7_9.x86_64.rpm	https://vault.centos.org/7.9.2009/updates/Source/SPackages/glibc-2.17-324.el7_9.src.rpm
glibc-2.17-325.el7_9.x86_64	centos-updates	2	LGPLv2+ and LGPLv2+ with exceptions and GPLv2+	https://vault.centos.org/7.9.2009/updates/x86_64/Packages/glibc-2.17-325.el7_9.x86_64.rpm	https://vault.centos.org/7.9.2009/updates/Source/SPackages/glibc-2.17-325.el7_9.src.rpm
glibc-2.17-326.el7_9.3.x86_64	centos-updates	1	LGPLv2+ and LGPLv2+ with exceptions and GPLv2+	https://vault.centos.org/7.9.2009/updates/x86_64/Packages/glibc-2.17-326.el7_9.3.x86_64.rpm	https://vault.centos.org/7.9.2009/updates/Source/SPackages/glibc-2.17-326.el7_9.3.src.rpm
glibc-2.17-326.el7_9.x86_64	centos-updates	1	LGPLv2+ and LGPLv2+ with exceptions and GPLv2+	https://vault.centos.org/7.9.2009/updates/x86_64/Packages/glibc-2.17-326.el7_9.x86_64.rpm	https://vault.centos.org/7.9.2009/updates/Source/SPackages/glibc-2.17-326.el7_9.src.rpm
glibc-common-2.17-322.el7_9.x86_64	centos-updates	12	LGPLv2+ and LGPLv2+ with exceptions and GPLv2+	https://vault.centos.org/7.9.2009/updates/x86_64/Packages/glibc-common-2.17-322.el7_9.x86_64.rpm	https://vault.centos.org/7.9.2009/updates/Source/SPackages/glibc-2.17-322.el7_9.src.rpm
glibc-devel-2.17-322.el7_9.x86_64	centos-updates	6	LGPLv2+ and LGPLv2+ with exceptions and GPLv2+	https://vault.centos.org/7.9.2009/updates/x86_64/Packages/glibc-devel-2.17-322.el7_9.x86_64.rpm	https://vault.centos.org/7.9.2009/updates/Source/SPackages/glibc-2.17-322.el7_9.src.rpm
gmp-6.0.0-15.el7.x86_64	centos-os	2	LGPLv3+ or GPLv2+	https://vault.centos.org/7.9.2009/os/x86_64/Packages/gmp-6.0.0-15.el7.x86_64.rpm	https://vault.centos.org/7.9.2009/os/Source/SPackages/gmp-6.0.0-15.el7.src.rpm
gnupg2-2.0.22-5.el7_5.x86_64	centos-os	16	GPLv3+	https://vault.centos.org/7.9.2009/os/x86_64/Packages/gnupg2-2.0.22-5.el7_5.x86_64.rpm	https://vault.centos.org/7.9.2009/os/Source/SPackages/gnupg2-2.0.22-5.el7_5.src.rpm
gnutls-3.3.29-9.el7_6.x86_64	centos-os	1	GPLv3+ and LGPLv2+	https://vault.centos.org/7.9.2009/os/x86_64/Packages/gnutls-3.3.29-9.el7_6.x86_64.rpm	https://vault.centos.org/7.9.2009/os/Source/SPackages/gnutls-3.3.29-9.el7_6.src.rpm
gobject-introspection-1.56.1-1.el7.x86_64	centos-os	1	GPLv2+, LGPLv2+, MIT	https://vault.centos.org/7.9.2009/os/x86_64/Packages/gobject-introspection-1.56.1-1.el7.x86_64.rpm	https://vault.centos.org/7.9.2009/os/Source/SPackages/gobject-introspection-1.56.1-1.el7.src.rpm
gpgme-1.3.2-5.el7.x86_64	centos-os	2	LGPLv2+	https://vault.centos.org/7.9.2009/os/x86_64/Packages/gpgme-1.3.2-5.el7.x86_64.rpm	https://vault.centos.org/7.9.2009/os/Source/SPackages/gpgme-1.3.2-5.el7.src.rpm
gpm-libs-1.20.7-6.el7.x86_64	centos-os	1	GPLv2 and GPLv2+ with exceptions and GPLv3+ and Verbatim and Copyright only	https://vault.centos.org/7.9.2009/os/x86_64/Packages/gpm-libs-1.20.7-6.el7.x86_64.rpm	https://vault.centos.org/7.9.2009/os/Source/SPackages/gpm-1.20.7-6.el7.src.rpm
grep-2.20-3.el7.x86_64	centos-os	1	GPLv3+	https://vault.centos.org/7.9.2009/os/x86_64/Packages/grep-2.20-3.el7.x86_64.rpm	https://vault.centos.org/7.9.2009/os/Source/SPackages/grep-2.20-3.el7.src.rpm
groff-base-1.22.2-8.el7.x86_64	centos-os	11	GPLv3+ and GFDL and BSD and MIT	https://vault.centos.org/7.9.2009/os/x86_64/Packages/groff-base-1.22.2-8.el7.x86_64.rpm	https://vault.centos.org/7.9.2009/os/Source/SPackages/groff-1.22.2-8.el7.src.rpm
grub2-i386-modules-2.02-0.87.el7.centos.noarch	centos-updates	7	GPLv3+	https://vault.centos.org/7.9.2009/updates/x86_64/Packages/grub2-i386-modules-2.02-0.87.el7.centos.noarch.rpm	https://vault.centos.org/7.9.2009/updates/Source/SPackages/grub2-2.02-0.87.el7.centos.src.rpm
grub2-pc-modules-2.02-0.87.0.1.el7.centos.9.noarch	centos-updates	1	GPLv3+	https://vault.centos.org/7.9.2009/updates/x86_64/Packages/grub2-pc-modules-2.02-0.87.0.1.el7.centos.9.noarch.rpm	https://vault.centos.org/7.9.2009/updates/Source/SPackages/grub2-2.02-0.87.0.1.el7.centos.9.src.rpm
grub2-tools-2.02-0.87.0.1.el7.centos.9.x86_64	centos-updates	10	GPLv3+	https://vault.centos.org/7.9.2009/updates/x86_64/Packages/grub2-tools-2.02-0.87.0.1.el7.centos.9.x86_64.rpm	https://vault.centos.org/7.9.2009/updates/Source/SPackages/grub2-2.02-0.87.0.1.el7.centos.9.src.rpm
grub2-tools-extra-2.02-0.87.0.1.el7.centos.9.x86_64	centos-updates	11	GPLv3+	https://vault.centos.org/7.9.2009/updates/x86_64/Packages/grub2-tools-extra-2.02-0.87.0.1.el7.centos.9.x86_64.rpm	https://vault.centos.org/7.9.2009/updates/Source/SPackages/grub2-2.02-0.87.0.1.el7.centos.9.src.rpm
grub2-tools-minimal-2.02-0.87.0.1.el7.centos.9.x86_64	centos-updates	2	GPLv3+	https://vault.centos.org/7.9.2009/updates/x86_64/Packages/grub2-tools-minimal-2.02-0.87.0.1.el7.centos.9.x86_64.rpm	https://vault.centos.org/7.9.2009/updates/Source/SPackages/grub2-2.02-0.87.0.1.el7.centos.9.src.rpm
grubby-8.28-26.el7.x86_64	centos-os	1	GPLv2+	https://vault.centos.org/7.9.2009/os/x86_64/Packages/grubby-8.28-26.el7.x86_64.rpm	https://vault.centos.org/7.9.2009/os/Source/SPackages/grubby-8.28-26.el7.src.rpm
gssproxy-0.7.0-30.el7_9.x86_64	centos-updates	2	MIT	https://vault.centos.org/7.9.2009/updates/x86_64/Packages/gssproxy-0.7.0-30.el7_9.x86_64.rpm	https://vault.centos.org/7.9.2009/updates/Source/SPackages/gssproxy-0.7.0-30.el7_9.src.rpm
gzip-1.5-11.el7_9.x86_64	centos-updates	1	GPLv3+ and GFDL	https://vault.centos.org/7.9.2009/updates/x86_64/Packages/gzip-1.5-11.el7_9.x86_64.rpm	https://vault.centos.org/7.9.2009/updates/Source/SPackages/gzip-1.5-11.el7_9.src.rpm
hardlink-1.0-19.el7.x86_64	centos-os	1	GPL+	https://vault.centos.org/7.9.2009/os/x86_64/Packages/hardlink-1.0-19.el7.x86_64.rpm	https://vault.centos.org/7.9.2009/os/Source/SPackages/hardlink-1.0-19.el7.src.rpm
htop-2.2.0-3.el7.x86_64	epel	1	GPLv2+	https://archives.fedoraproject.org/pub/archive/epel/7/x86_64/Packages/h/htop-2.2.0-3.el7.x86_64.rpm	https://archives.fedoraproject.org/pub/archive/epel/7/SRPMS/Packages/h/htop-2.2.0-3.el7.src.rpm
hwloc-1.11.8-4.el7.x86_64	centos-os	12	BSD	https://vault.centos.org/7.9.2009/os/x86_64/Packages/hwloc-1.11.8-4.el7.x86_64.rpm	https://vault.centos.org/7.9.2009/os/Source/SPackages/hwloc-1.11.8-4.el7.src.rpm
hwloc-libs-1.11.8-4.el7.x86_64	centos-os	1	BSD	https://vault.centos.org/7.9.2009/os/x86_64/Packages/hwloc-libs-1.11.8-4.el7.x86_64.rpm	https://vault.centos.org/7.9.2009/os/Source/SPackages/hwloc-1.11.8-4.el7.src.rpm
ibacm-22.4-6.el7_9.x86_64	centos-updates	3	GPLv2 or BSD	https://vault.centos.org/7.9.2009/updates/x86_64/Packages/ibacm-22.4-6.el7_9.x86_64.rpm	https://vault.centos.org/7.9.2009/updates/Source/SPackages/rdma-core-22.4-6.el7_9.src.rpm
indent-2.2.11-13.el7.x86_64	centos-os	1	GPLv3+	https://vault.centos.org/7.9.2009/os/x86_64/Packages/indent-2.2.11-13.el7.x86_64.rpm	https://vault.centos.org/7.9.2009/os/Source/SPackages/indent-2.2.11-13.el7.src.rpm
info-5.1-5.el7.x86_64	centos-os	3	GPLv3+	https://vault.centos.org/7.9.2009/os/x86_64/Packages/info-5.1-5.el7.x86_64.rpm	https://vault.centos.org/7.9.2009/os/Source/SPackages/texinfo-5.1-5.el7.src.rpm
initscripts-9.49.53-1.el7_9.1.x86_64	centos-updates	10	GPLv2 and GPLv2+	https://vault.centos.org/7.9.2009/updates/x86_64/Packages/initscripts-9.49.53-1.el7_9.1.x86_64.rpm	https://vault.centos.org/7.9.2009/updates/Source/SPackages/initscripts-9.49.53-1.el7_9.1.src.rpm
iproute-4.11.0-30.el7.x86_64	centos-os	14	GPLv2+ and Public Domain	https://vault.centos.org/7.9.2009/os/x86_64/Packages/iproute-4.11.0-30.el7.x86_64.rpm	https://vault.centos.org/7.9.2009/os/Source/SPackages/iproute-4.11.0-30.el7.src.rpm
iprutils-2.4.17.1-3.el7_7.x86_64	centos-updates	4	CPL	https://vault.centos.org/7.9.2009/updates/x86_64/Packages/iprutils-2.4.17.1-3.el7_7.x86_64.rpm	https://vault.centos.org/7.9.2009/updates/Source/SPackages/iprutils-2.4.17.1-3.el7_7.src.rpm
ipset-7.1-1.el7.x86_64	centos-os	1	GPLv2	https://vault.centos.org/7.9.2009/os/x86_64/Packages/ipset-7.1-1.el7.x86_64.rpm	https://vault.centos.org/7.9.2009/os/Source/SPackages/ipset-7.1-1.el7.src.rpm
ipset-libs-7.1-1.el7.x86_64	centos-os	1	GPLv2	https://vault.centos.org/7.9.2009/os/x86_64/Packages/ipset-libs-7.1-1.el7.x86_64.rpm	https://vault.centos.org/7.9.2009/os/Source/SPackages/ipset-7.1-1.el7.src.rpm
iptables-1.4.21-35.el7.x86_64	centos-os	115	GPLv2	https://vault.centos.org/7.9.2009/os/x86_64/Packages/iptables-1.4.21-35.el7.x86_64.rpm	https://vault.centos.org/7.9.2009/os/Source/SPackages/iptables-1.4.21-35.el7.src.rpm
iputils-20160308-10.el7.x86_64	centos-os	7	BSD and GPLv2+	https://vault.centos.org/7.9.2009/os/x86_64/Packages/iputils-20160308-10.el7.x86_64.rpm	https://vault.centos.org/7.9.2009/os/Source/SPackages/iputils-20160308-10.el7.src.rpm
jansson-2.10-1.el7.x86_64	centos-os	1	MIT	https://vault.centos.org/7.9.2009/os/x86_64/Packages/jansson-2.10-1.el7.x86_64.rpm	https://vault.centos.org/7.9.2009/os/Source/SPackages/jansson-2.10-1.el7.src.rpm
json-c-0.11-4.el7_0.x86_64	centos-os	2	MIT	https://vault.centos.org/7.9.2009/os/x86_64/Packages/json-c-0.11-4.el7_0.x86_64.rpm	https://vault.centos.org/7.9.2009/os/Source/SPackages/json-c-0.11-4.el7_0.src.rpm
kbd-1.15.5-16.el7_9.x86_64	centos-updates	22	GPLv2+	https://vault.centos.org/7.9.2009/updates/x86_64/Packages/kbd-1.15.5-16.el7_9.x86_64.rpm	https://vault.centos.org/7.9.2009/updates/Source/SPackages/kbd-1.15.5-16.el7_9.src.rpm
kernel-3.10.0-1160.76.1.el7.x86_64	centos-updates	5	GPLv2	https://vault.centos.org/7.9.2009/updates/x86_64/Packages/kernel-3.10.0-1160.76.1.el7.x86_64.rpm	https://vault.centos.org/7.9.2009/updates/Source/SPackages/kernel-3.10.0-1160.76.1.el7.src.rpm
kernel-devel-3.10.0-1160.76.1.el7.x86_64	centos-updates	16	GPLv2	https://vault.centos.org/7.9.2009/updates/x86_64/Packages/kernel-devel-3.10.0-1160.76.1.el7.x86_64.rpm	https://vault.centos.org/7.9.2009/updates/Source/SPackages/kernel-3.10.0-1160.76.1.el7.src.rpm
kernel-tools-3.10.0-1160.102.1.el7.x86_64	centos-updates	7	GPLv2	https://vault.centos.org/7.9.2009/updates/x86_64/Packages/kernel-tools-3.10.0-1160.102.1.el7.x86_64.rpm	https://vault.centos.org/7.9.2009/updates/Source/SPackages/kernel-3.10.0-1160.102.1.el7.src.rpm
kernel-tools-3.10.0-1160.76.1.el7.x86_64	centos-updates	1	GPLv2	https://vault.centos.org/7.9.2009/updates/x86_64/Packages/kernel-tools-3.10.0-1160.76.1.el7.x86_64.rpm	https://vault.centos.org/7.9.2009/updates/Source/SPackages/kernel-3.10.0-1160.76.1.el7.src.rpm
kernel-tools-libs-3.10.0-1160.76.1.el7.x86_64	centos-updates	1	GPLv2	https://vault.centos.org/7.9.2009/updates/x86_64/Packages/kernel-tools-libs-3.10.0-1160.76.1.el7.x86_64.rpm	https://vault.centos.org/7.9.2009/updates/Source/SPackages/kernel-3.10.0-1160.76.1.el7.src.rpm
keyutils-1.5.8-3.el7.x86_64	centos-os	3	GPLv2+ and LGPLv2+	https://vault.centos.org/7.9.2009/os/x86_64/Packages/keyutils-1.5.8-3.el7.x86_64.rpm	https://vault.centos.org/7.9.2009/os/Source/SPackages/keyutils-1.5.8-3.el7.src.rpm
keyutils-libs-1.5.8-3.el7.x86_64	centos-os	1	GPLv2+ and LGPLv2+	https://vault.centos.org/7.9.2009/os/x86_64/Packages/keyutils-libs-1.5.8-3.el7.x86_64.rpm	https://vault.centos.org/7.9.2009/os/Source/SPackages/keyutils-1.5.8-3.el7.src.rpm
kmod-20-28.el7.x86_64	centos-os	1	GPLv2+	https://vault.centos.org/7.9.2009/os/x86_64/Packages/kmod-20-28.el7.x86_64.rpm	https://vault.centos.org/7.9.2009/os/Source/SPackages/kmod-20-28.el7.src.rpm
kmod-libs-20-28.el7.x86_64	centos-os	1	LGPLv2+	https://vault.centos.org/7.9.2009/os/x86_64/Packages/kmod-libs-20-28.el7.x86_64.rpm	https://vault.centos.org/7.9.2009/os/Source/SPackages/kmod-20-28.el7.src.rpm
kpartx-0.4.9-135.el7_9.x86_64	centos-updates	1	GPL+	https://vault.centos.org/7.9.2009/updates/x86_64/Packages/kpartx-0.4.9-135.el7_9.x86_64.rpm	https://vault.centos.org/7.9.2009/updates/Source/SPackages/device-mapper-multipath-0.4.9-135.el7_9.src.rpm
krb5-libs-1.15.1-50.el7.x86_64	centos-updates	2	MIT	https://vault.centos.org/7.9.2009/updates/x86_64/Packages/krb5-libs-1.15.1-50.el7.x86_64.rpm	https://vault.centos.org/7.9.2009/updates/Source/SPackages/krb5-1.15.1-50.el7.src.rpm
krb5-libs-1.15.1-54.el7_9.x86_64	centos-updates	6	MIT	https://vault.centos.org/7.9.2009/updates/x86_64/Packages/krb5-libs-1.15.1-54.el7_9.x86_64.rpm	https://vault.centos.org/7.9.2009/updates/Source/SPackages/krb5-1.15.1-54.el7_9.src.rpm
less-458-9.el7.x86_64	centos-os	3	GPLv3+	https://vault.centos.org/7.9.2009/os/x86_64/Packages/less-458-9.el7.x86_64.rpm	https://vault.centos.org/7.9.2009/os/Source/SPackages/less-458-9.el7.src.rpm
libICE-1.0.9-9.el7.x86_64	centos-os	1	MIT	https://vault.centos.org/7.9.2009/os/x86_64/Packages/libICE-1.0.9-9.el7.x86_64.rpm	https://vault.centos.org/7.9.2009/os/Source/SPackages/libICE-1.0.9-9.el7.src.rpm
libSM-1.2.2-2.el7.x86_64	centos-os	1	MIT	https://vault.centos.org/7.9.2009/os/x86_64/Packages/libSM-1.2.2-2.el7.x86_64.rpm	https://vault.centos.org/7.9.2009/os/Source/SPackages/libSM-1.2.2-2.el7.src.rpm
libX11-1.6.7-4.el7_9.x86_64	centos-updates	2	MIT	https://vault.centos.org/7.9.2009/updates/x86_64/Packages/libX11-1.6.7-4.el7_9.x86_64.rpm	https://vault.centos.org/7.9.2009/updates/Source/SPackages/libX11-1.6.7-4.el7_9.src.rpm
libXau-1.0.8-2.1.el7.x86_64	centos-os	1	MIT	https://vault.centos.org/7.9.2009/os/x86_64/Packages/libXau-1.0.8-2.1.el7.x86_64.rpm	https://vault.centos.org/7.9.2009/os/Source/SPackages/libXau-1.0.8-2.1.el7.src.rpm
libXt-1.1.5-3.el7.x86_64	centos-os	1	MIT	https://vault.centos.org/7.9.2009/os/x86_64/Packages/libXt-1.1.5-3.el7.x86_64.rpm	https://vault.centos.org/7.9.2009/os/Source/SPackages/libXt-1.1.5-3.el7.src.rpm
libacl-2.2.51-15.el7.x86_64	centos-os	1	LGPLv2+	https://vault.centos.org/7.9.2009/os/x86_64/Packages/libacl-2.2.51-15.el7.x86_64.rpm	https://vault.centos.org/7.9.2009/os/Source/SPackages/acl-2.2.51-15.el7.src.rpm
libassuan-2.1.0-3.el7.x86_64	centos-os	1	LGPLv2+ and GPLv3+	https://vault.centos.org/7.9.2009/os/x86_64/Packages/libassuan-2.1.0-3.el7.x86_64.rpm	https://vault.centos.org/7.9.2009/os/Source/SPackages/libassuan-2.1.0-3.el7.src.rpm
libattr-2.4.46-13.el7.x86_64	centos-os	1	LGPLv2+	https://vault.centos.org/7.9.2009/os/x86_64/Packages/libattr-2.4.46-13.el7.x86_64.rpm	https://vault.centos.org/7.9.2009/os/Source/SPackages/attr-2.4.46-13.el7.src.rpm
libbasicobjects-0.1.1-32.el7.x86_64	centos-os	1	GPLv3+	https://vault.centos.org/7.9.2009/os/x86_64/Packages/libbasicobjects-0.1.1-32.el7.x86_64.rpm	https://vault.centos.org/7.9.2009/os/Source/SPackages/ding-libs-0.6.1-32.el7.src.rpm
libblkid-2.23.2-65.el7_9.1.x86_64	centos-updates	1	LGPLv2+	https://vault.centos.org/7.9.2009/updates/x86_64/Packages/libblkid-2.23.2-65.el7_9.1.x86_64.rpm	https://vault.centos.org/7.9.2009/updates/Source/SPackages/util-linux-2.23.2-65.el7_9.1.src.rpm
libcap-2.22-11.el7.x86_64	centos-os	6	LGPLv2+	https://vault.centos.org/7.9.2009/os/x86_64/Packages/libcap-2.22-11.el7.x86_64.rpm	https://vault.centos.org/7.9.2009/os/Source/SPackages/libcap-2.22-11.el7.src.rpm
libcap-ng-0.7.5-4.el7.x86_64	centos-os	1	LGPLv2+	https://vault.centos.org/7.9.2009/os/x86_64/Packages/libcap-ng-0.7.5-4.el7.x86_64.rpm	https://vault.centos.org/7.9.2009/os/Source/SPackages/libcap-ng-0.7.5-4.el7.src.rpm
libcollection-0.7.0-32.el7.x86_64	centos-os	1	LGPLv3+	https://vault.centos.org/7.9.2009/os/x86_64/Packages/libcollection-0.7.0-32.el7.x86_64.rpm	https://vault.centos.org/7.9.2009/os/Source/SPackages/ding-libs-0.6.1-32.el7.src.rpm
libcom_err-1.42.9-19.el7.x86_64	centos-os	1	MIT	https://vault.centos.org/7.9.2009/os/x86_64/Packages/libcom_err-1.42.9-19.el7.x86_64.rpm	https://vault.centos.org/7.9.2009/os/Source/SPackages/e2fsprogs-1.42.9-19.el7.src.rpm
libcroco-0.6.12-6.el7_9.x86_64	centos-updates	2	LGPLv2	https://vault.centos.org/7.9.2009/updates/x86_64/Packages/libcroco-0.6.12-6.el7_9.x86_64.rpm	https://vault.centos.org/7.9.2009/updates/Source/SPackages/libcroco-0.6.12-6.el7_9.src.rpm
libcurl-7.29.0-59.el7_9.1.x86_64	centos-updates	1	MIT	https://vault.centos.org/7.9.2009/updates/x86_64/Packages/libcurl-7.29.0-59.el7_9.1.x86_64.rpm	https://vault.centos.org/7.9.2009/updates/Source/SPackages/curl-7.29.0-59.el7_9.1.src.rpm
libdaemon-0.14-7.el7.x86_64	centos-os	1	LGPLv2+	https://vault.centos.org/7.9.2009/os/x86_64/Packages/libdaemon-0.14-7.el7.x86_64.rpm	https://vault.centos.org/7.9.2009/os/Source/SPackages/libdaemon-0.14-7.el7.src.rpm
libdb-5.3.21-25.el7.x86_64	centos-os	1	BSD and LGPLv2 and Sleepycat	https://vault.centos.org/7.9.2009/os/x86_64/Packages/libdb-5.3.21-25.el7.x86_64.rpm	https://vault.centos.org/7.9.2009/os/Source/SPackages/libdb-5.3.21-25.el7.src.rpm
libdb-utils-5.3.21-25.el7.x86_64	centos-os	15	BSD and LGPLv2 and Sleepycat	https://vault.centos.org/7.9.2009/os/x86_64/Packages/libdb-utils-5.3.21-25.el7.x86_64.rpm	https://vault.centos.org/7.9.2009/os/Source/SPackages/libdb-5.3.21-25.el7.src.rpm
libdrm-2.4.97-2.el7.x86_64	centos-os	6	MIT	https://vault.centos.org/7.9.2009/os/x86_64/Packages/libdrm-2.4.97-2.el7.x86_64.rpm	https://vault.centos.org/7.9.2009/os/Source/SPackages/libdrm-2.4.97-2.el7.src.rpm
libdwarf-20130207-4.el7.x86_64	centos-os	1	LGPLv2	https://vault.centos.org/7.9.2009/os/x86_64/Packages/libdwarf-20130207-4.el7.x86_64.rpm	https://vault.centos.org/7.9.2009/os/Source/SPackages/libdwarf-20130207-4.el7.src.rpm
libedit-3.0-12.20121213cvs.el7.x86_64	centos-os	1	BSD	https://vault.centos.org/7.9.2009/os/x86_64/Packages/libedit-3.0-12.20121213cvs.el7.x86_64.rpm	https://vault.centos.org/7.9.2009/os/Source/SPackages/libedit-3.0-12.20121213cvs.el7.src.rpm
libestr-0.1.9-2.el7.x86_64	centos-os	1	LGPLv2+	https://vault.centos.org/7.9.2009/os/x86_64/Packages/libestr-0.1.9-2.el7.x86_64.rpm	https://vault.centos.org/7.9.2009/os/Source/SPackages/libestr-0.1.9-2.el7.src.rpm
libevent-2.0.21-4.el7.x86_64	centos-os	5	BSD	https://vault.centos.org/7.9.2009/os/x86_64/Packages/libevent-2.0.21-4.el7.x86_64.rpm	https://vault.centos.org/7.9.2009/os/Source/SPackages/libevent-2.0.21-4.el7.src.rpm
libfastjson-0.99.4-3.el7.x86_64	centos-os	1	MIT	https://vault.centos.org/7.9.2009/os/x86_64/Packages/libfastjson-0.99.4-3.el7.x86_64.rpm	https://vault.centos.org/7.9.2009/os/Source/SPackages/libfastjson-0.99.4-3.el7.src.rpm
libffi-3.0.13-19.el7.x86_64	centos-os	1	MIT and Public Domain	https://vault.centos.org/7.9.2009/os/x86_64/Packages/libffi-3.0.13-19.el7.x86_64.rpm	https://vault.centos.org/7.9.2009/os/Source/SPackages/libffi-3.0.13-19.el7.src.rpm
libgcc-4.8.5-44.el7.x86_64	centos-os	1	GPLv3+ and GPLv3+ with exceptions and GPLv2+ with exceptions and LGPLv2+ and BSD	https://vault.centos.org/7.9.2009/os/x86_64/Packages/libgcc-4.8.5-44.el7.x86_64.rpm	https://vault.centos.org/7.9.2009/os/Source/SPackages/gcc-4.8.5-44.el7.src.rpm
libgcrypt-1.5.3-14.el7.x86_64	centos-os	1	LGPLv2+	https://vault.centos.org/7.9.2009/os/x86_64/Packages/libgcrypt-1.5.3-14.el7.x86_64.rpm	https://vault.centos.org/7.9.2009/os/Source/SPackages/libgcrypt-1.5.3-14.el7.src.rpm
libgfortran-4.8.5-44.el7.x86_64	centos-os	1	GPLv3+ and GPLv3+ with exceptions and GPLv2+ with exceptions and LGPLv2+ and BSD	https://vault.centos.org/7.9.2009/os/x86_64/Packages/libgfortran-4.8.5-44.el7.x86_64.rpm	https://vault.centos.org/7.9.2009/os/Source/SPackages/gcc-4.8.5-44.el7.src.rpm
libgomp-4.8.5-44.el7.x86_64	centos-os	1	GPLv3+ and GPLv3+ with exceptions and GPLv2+ with exceptions and LGPLv2+ and BSD	https://vault.centos.org/7.9.2009/os/x86_64/Packages/libgomp-4.8.5-44.el7.x86_64.rpm	https://vault.centos.org/7.9.2009/os/Source/SPackages/gcc-4.8.5-44.el7.src.rpm
libgpg-error-1.12-3.el7.x86_64	centos-os	2	LGPLv2+	https://vault.centos.org/7.9.2009/os/x86_64/Packages/libgpg-error-1.12-3.el7.x86_64.rpm	https://vault.centos.org/7.9.2009/os/Source/SPackages/libgpg-error-1.12-3.el7.src.rpm
libibumad-22.4-6.el7_9.x86_64	centos-updates	1	GPLv2 or BSD	https://vault.centos.org/7.9.2009/updates/x86_64/Packages/libibumad-22.4-6.el7_9.x86_64.rpm	https://vault.centos.org/7.9.2009/updates/Source/SPackages/rdma-core-22.4-6.el7_9.src.rpm
libibverbs-22.4-6.el7_9.x86_64	centos-updates	16	GPLv2 or BSD	https://vault.centos.org/7.9.2009/updates/x86_64/Packages/libibverbs-22.4-6.el7_9.x86_64.rpm	https://vault.centos.org/7.9.2009/updates/Source/SPackages/rdma-core-22.4-6.el7_9.src.rpm
libicu-50.2-4.el7_7.x86_64	centos-os	8	MIT and UCD and Public Domain	https://vault.centos.org/7.9.2009/os/x86_64/Packages/libicu-50.2-4.el7_7.x86_64.rpm	https://vault.centos.org/7.9.2009/os/Source/SPackages/icu-50.2-4.el7_7.src.rpm
libidn-1.28-4.el7.x86_64	centos-os	2	LGPLv2+ and GPLv3+ and GFDL	https://vault.centos.org/7.9.2009/os/x86_64/Packages/libidn-1.28-4.el7.x86_64.rpm	https://vault.centos.org/7.9.2009/os/Source/SPackages/libidn-1.28-4.el7.src.rpm
libini_config-1.3.1-32.el7.x86_64	centos-os	1	LGPLv3+	https://vault.centos.org/7.9.2009/os/x86_64/Packages/libini_config-1.3.1-32.el7.x86_64.rpm	https://vault.centos.org/7.9.2009/os/Source/SPackages/ding-libs-0.6.1-32.el7.src.rpm
libmnl-1.0.3-7.el7.x86_64	centos-os	1	LGPLv2+	https://vault.centos.org/7.9.2009/os/x86_64/Packages/libmnl-1.0.3-7.el7.x86_64.rpm	https://vault.centos.org/7.9.2009/os/Source/SPackages/libmnl-1.0.3-7.el7.src.rpm
libmodman-2.0.1-8.el7.x86_64	centos-os	1	LGPLv2+	https://vault.centos.org/7.9.2009/os/x86_64/Packages/libmodman-2.0.1-8.el7.x86_64.rpm	https://vault.centos.org/7.9.2009/os/Source/SPackages/libmodman-2.0.1-8.el7.src.rpm
libmount-2.23.2-65.el7_9.1.x86_64	centos-updates	1	LGPLv2+	https://vault.centos.org/7.9.2009/updates/x86_64/Packages/libmount-2.23.2-65.el7_9.1.x86_64.rpm	https://vault.centos.org/7.9.2009/updates/Source/SPackages/util-linux-2.23.2-65.el7_9.1.src.rpm
libmpc-1.0.1-3.el7.x86_64	centos-os	1	LGPLv3+ and GFDL	https://vault.centos.org/7.9.2009/os/x86_64/Packages/libmpc-1.0.1-3.el7.x86_64.rpm	https://vault.centos.org/7.9.2009/os/Source/SPackages/libmpc-1.0.1-3.el7.src.rpm
libndp-1.2-9.el7.x86_64	centos-os	2	LGPLv2+	https://vault.centos.org/7.9.2009/os/x86_64/Packages/libndp-1.2-9.el7.x86_64.rpm	https://vault.centos.org/7.9.2009/os/Source/SPackages/libndp-1.2-9.el7.src.rpm
libnetfilter_conntrack-1.0.6-1.el7_3.x86_64	centos-os	1	GPLv2+	https://vault.centos.org/7.9.2009/os/x86_64/Packages/libnetfilter_conntrack-1.0.6-1.el7_3.x86_64.rpm	https://vault.centos.org/7.9.2009/os/Source/SPackages/libnetfilter_conntrack-1.0.6-1.el7_3.src.rpm
libnfnetlink-1.0.1-4.el7.x86_64	centos-os	1	GPLv2+	https://vault.centos.org/7.9.2009/os/x86_64/Packages/libnfnetlink-1.0.1-4.el7.x86_64.rpm	https://vault.centos.org/7.9.2009/os/Source/SPackages/libnfnetlink-1.0.1-4.el7.src.rpm
libnfsidmap-0.25-19.el7.x86_64	centos-os	4	BSD	https://vault.centos.org/7.9.2009/os/x86_64/Packages/libnfsidmap-0.25-19.el7.x86_64.rpm	https://vault.centos.org/7.9.2009/os/Source/SPackages/libnfsidmap-0.25-19.el7.src.rpm
libnl3-3.2.28-4.el7.x86_64	centos-os	6	LGPLv2	https://vault.centos.org/7.9.2009/os/x86_64/Packages/libnl3-3.2.28-4.el7.x86_64.rpm	https://vault.centos.org/7.9.2009/os/Source/SPackages/libnl3-3.2.28-4.el7.src.rpm
libnl3-cli-3.2.28-4.el7.x86_64	centos-os	57	LGPLv2	https://vault.centos.org/7.9.2009/os/x86_64/Packages/libnl3-cli-3.2.28-4.el7.x86_64.rpm	https://vault.centos.org/7.9.2009/os/Source/SPackages/libnl3-3.2.28-4.el7.src.rpm
libpath_utils-0.2.1-32.el7.x86_64	centos-os	1	LGPLv3+	https://vault.centos.org/7.9.2009/os/x86_64/Packages/libpath_utils-0.2.1-32.el7.x86_64.rpm	https://vault.centos.org/7.9.2009/os/Source/SPackages/ding-libs-0.6.1-32.el7.src.rpm
libpciaccess-0.14-1.el7.x86_64	centos-os	1	MIT	https://vault.centos.org/7.9.2009/os/x86_64/Packages/libpciaccess-0.14-1.el7.x86_64.rpm	https://vault.centos.org/7.9.2009/os/Source/SPackages/libpciaccess-0.14-1.el7.src.rpm
libpfm-4.7.0-10.el7.x86_64	centos-os	1	MIT	https://vault.centos.org/7.9.2009/os/x86_64/Packages/libpfm-4.7.0-10.el7.x86_64.rpm	https://vault.centos.org/7.9.2009/os/Source/SPackages/libpfm-4.7.0-10.el7.src.rpm
libpipeline-1.2.3-3.el7.x86_64	centos-os	1	GPLv3+	https://vault.centos.org/7.9.2009/os/x86_64/Packages/libpipeline-1.2.3-3.el7.x86_64.rpm	https://vault.centos.org/7.9.2009/os/Source/SPackages/libpipeline-1.2.3-3.el7.src.rpm
libpng-1.5.13-8.el7.x86_64	centos-os	1	zlib	https://vault.centos.org/7.9.2009/os/x86_64/Packages/libpng-1.5.13-8.el7.x86_64.rpm	https://vault.centos.org/7.9.2009/os/Source/SPackages/libpng-1.5.13-8.el7.src.rpm
libproxy-0.4.11-11.el7.x86_64	centos-os	1	LGPLv2+	https://vault.centos.org/7.9.2009/os/x86_64/Packages/libproxy-0.4.11-11.el7.x86_64.rpm	https://vault.centos.org/7.9.2009/os/Source/SPackages/libproxy-0.4.11-11.el7.src.rpm
libpwquality-1.2.3-5.el7.x86_64	centos-os	4	BSD or GPLv2+	https://vault.centos.org/7.9.2009/os/x86_64/Packages/libpwquality-1.2.3-5.el7.x86_64.rpm	https://vault.centos.org/7.9.2009/os/Source/SPackages/libpwquality-1.2.3-5.el7.src.rpm
libquadmath-4.8.5-44.el7.x86_64	centos-os	1	GPLv3+ and GPLv3+ with exceptions and GPLv2+ with exceptions and LGPLv2+ and BSD	https://vault.centos.org/7.9.2009/os/x86_64/Packages/libquadmath-4.8.5-44.el7.x86_64.rpm	https://vault.centos.org/7.9.2009/os/Source/SPackages/gcc-4.8.5-44.el7.src.rpm
librdmacm-22.4-6.el7_9.x86_64	centos-updates	2	GPLv2 or BSD	https://vault.centos.org/7.9.2009/updates/x86_64/Packages/librdmacm-22.4-6.el7_9.x86_64.rpm	https://vault.centos.org/7.9.2009/updates/Source/SPackages/rdma-core-22.4-6.el7_9.src.rpm
libref_array-0.1.5-32.el7.x86_64	centos-os	1	LGPLv3+	https://vault.centos.org/7.9.2009/os/x86_64/Packages/libref_array-0.1.5-32.el7.x86_64.rpm	https://vault.centos.org/7.9.2009/os/Source/SPackages/ding-libs-0.6.1-32.el7.src.rpm
libseccomp-2.3.1-4.el7.x86_64	centos-os	1	LGPLv2	https://vault.centos.org/7.9.2009/os/x86_64/Packages/libseccomp-2.3.1-4.el7.x86_64.rpm	https://vault.centos.org/7.9.2009/os/Source/SPackages/libseccomp-2.3.1-4.el7.src.rpm
libselinux-2.5-15.el7.x86_64	centos-os	2	Public Domain	https://vault.centos.org/7.9.2009/os/x86_64/Packages/libselinux-2.5-15.el7.x86_64.rpm	https://vault.centos.org/7.9.2009/os/Source/SPackages/libselinux-2.5-15.el7.src.rpm
libselinux-python-2.5-15.el7.x86_64	centos-os	2	Public Domain	https://vault.centos.org/7.9.2009/os/x86_64/Packages/libselinux-python-2.5-15.el7.x86_64.rpm	https://vault.centos.org/7.9.2009/os/Source/SPackages/libselinux-2.5-15.el7.src.rpm
libselinux-utils-2.5-15.el7.x86_64	centos-os	14	Public Domain	https://vault.centos.org/7.9.2009/os/x86_64/Packages/libselinux-utils-2.5-15.el7.x86_64.rpm	https://vault.centos.org/7.9.2009/os/Source/SPackages/libselinux-2.5-15.el7.src.rpm
libsemanage-2.5-14.el7.x86_64	centos-os	1	LGPLv2+	https://vault.centos.org/7.9.2009/os/x86_64/Packages/libsemanage-2.5-14.el7.x86_64.rpm	https://vault.centos.org/7.9.2009/os/Source/SPackages/libsemanage-2.5-14.el7.src.rpm
libsepol-2.5-10.el7.x86_64	centos-os	1	LGPLv2+	https://vault.centos.org/7.9.2009/os/x86_64/Packages/libsepol-2.5-10.el7.x86_64.rpm	https://vault.centos.org/7.9.2009/os/Source/SPackages/libsepol-2.5-10.el7.src.rpm
libsmartcols-2.23.2-65.el7_9.1.x86_64	centos-updates	1	LGPLv2+	https://vault.centos.org/7.9.2009/updates/x86_64/Packages/libsmartcols-2.23.2-65.el7_9.1.x86_64.rpm	https://vault.centos.org/7.9.2009/updates/Source/SPackages/util-linux-2.23.2-65.el7_9.1.src.rpm
libss-1.42.9-19.el7.x86_64	centos-os	1	MIT	https://vault.centos.org/7.9.2009/os/x86_64/Packages/libss-1.42.9-19.el7.x86_64.rpm	https://vault.centos.org/7.9.2009/os/Source/SPackages/e2fsprogs-1.42.9-19.el7.src.rpm
libssh2-1.8.0-4.el7.x86_64	centos-os	1	BSD	https://vault.centos.org/7.9.2009/os/x86_64/Packages/libssh2-1.8.0-4.el7.x86_64.rpm	https://vault.centos.org/7.9.2009/os/Source/SPackages/libssh2-1.8.0-4.el7.src.rpm
libstdc++-4.8.5-44.el7.x86_64	centos-os	1	GPLv3+ and GPLv3+ with exceptions and GPLv2+ with exceptions and LGPLv2+ and BSD	https://vault.centos.org/7.9.2009/os/x86_64/Packages/libstdc++-4.8.5-44.el7.x86_64.rpm	https://vault.centos.org/7.9.2009/os/Source/SPackages/gcc-4.8.5-44.el7.src.rpm
libsysfs-2.1.0-16.el7.x86_64	centos-os	1	LGPLv2+	https://vault.centos.org/7.9.2009/os/x86_64/Packages/libsysfs-2.1.0-16.el7.x86_64.rpm	https://vault.centos.org/7.9.2009/os/Source/SPackages/sysfsutils-2.1.0-16.el7.src.rpm
libtasn1-4.10-1.el7.x86_64	centos-os	1	GPLv3+ and LGPLv2+	https://vault.centos.org/7.9.2009/os/x86_64/Packages/libtasn1-4.10-1.el7.x86_64.rpm	https://vault.centos.org/7.9.2009/os/Source/SPackages/libtasn1-4.10-1.el7.src.rpm
libteam-1.29-3.el7.x86_64	centos-os	2	LGPLv2+	https://vault.centos.org/7.9.2009/os/x86_64/Packages/libteam-1.29-3.el7.x86_64.rpm	https://vault.centos.org/7.9.2009/os/Source/SPackages/libteam-1.29-3.el7.src.rpm
libtirpc-0.2.4-0.16.el7.x86_64	centos-os	1	SISSL and BSD	https://vault.centos.org/7.9.2009/os/x86_64/Packages/libtirpc-0.2.4-0.16.el7.x86_64.rpm	https://vault.centos.org/7.9.2009/os/Source/SPackages/libtirpc-0.2.4-0.16.el7.src.rpm
libtool-ltdl-2.4.2-22.el7_3.x86_64	centos-os	1	LGPLv2+	https://vault.centos.org/7.9.2009/os/x86_64/Packages/libtool-ltdl-2.4.2-22.el7_3.x86_64.rpm	https://vault.centos.org/7.9.2009/os/Source/SPackages/libtool-2.4.2-22.el7_3.src.rpm
libunistring-0.9.3-9.el7.x86_64	centos-os	1	LGPLv3+	https://vault.centos.org/7.9.2009/os/x86_64/Packages/libunistring-0.9.3-9.el7.x86_64.rpm	https://vault.centos.org/7.9.2009/os/Source/SPackages/libunistring-0.9.3-9.el7.src.rpm
libuser-0.60-9.el7.x86_64	centos-os	16	LGPLv2+	https://vault.centos.org/7.9.2009/os/x86_64/Packages/libuser-0.60-9.el7.x86_64.rpm	https://vault.centos.org/7.9.2009/os/Source/SPackages/libuser-0.60-9.el7.src.rpm
libutempter-1.1.6-4.el7.x86_64	centos-os	1	LGPLv2+	https://vault.centos.org/7.9.2009/os/x86_64/Packages/libutempter-1.1.6-4.el7.x86_64.rpm	https://vault.centos.org/7.9.2009/os/Source/SPackages/libutempter-1.1.6-4.el7.src.rpm
libuuid-2.23.2-65.el7_9.1.x86_64	centos-updates	1	BSD	https://vault.centos.org/7.9.2009/updates/x86_64/Packages/libuuid-2.23.2-65.el7_9.1.x86_64.rpm	https://vault.centos.org/7.9.2009/updates/Source/SPackages/util-linux-2.23.2-65.el7_9.1.src.rpm
libverto-0.2.5-4.el7.x86_64	centos-os	1	MIT	https://vault.centos.org/7.9.2009/os/x86_64/Packages/libverto-0.2.5-4.el7.x86_64.rpm	https://vault.centos.org/7.9.2009/os/Source/SPackages/libverto-0.2.5-4.el7.src.rpm
libverto-libevent-0.2.5-4.el7.x86_64	centos-os	1	MIT	https://vault.centos.org/7.9.2009/os/x86_64/Packages/libverto-libevent-0.2.5-4.el7.x86_64.rpm	https://vault.centos.org/7.9.2009/os/Source/SPackages/libverto-0.2.5-4.el7.src.rpm
libxcb-1.13-1.el7.x86_64	centos-os	26	MIT	https://vault.centos.org/7.9.2009/os/x86_64/Packages/libxcb-1.13-1.el7.x86_64.rpm	https://vault.centos.org/7.9.2009/os/Source/SPackages/libxcb-1.13-1.el7.src.rpm
libxml2-2.9.1-6.el7_9.6.x86_64	centos-updates	3	MIT	https://vault.centos.org/7.9.2009/updates/x86_64/Packages/libxml2-2.9.1-6.el7_9.6.x86_64.rpm	https://vault.centos.org/7.9.2009/updates/Source/SPackages/libxml2-2.9.1-6.el7_9.6.src.rpm
lm_sensors-libs-3.4.0-8.20160601gitf9185e5.el7.x86_64	centos-os	1	LGPLv2+ and GPLv3+ and GPLv2+ and Verbatim and Public Domain	https://vault.centos.org/7.9.2009/os/x86_64/Packages/lm_sensors-libs-3.4.0-8.20160601gitf9185e5.el7.x86_64.rpm	https://vault.centos.org/7.9.2009/os/Source/SPackages/lm_sensors-3.4.0-8.20160601gitf9185e5.el7.src.rpm
logrotate-3.8.6-19.el7.x86_64	centos-os	1	GPL+	https://vault.centos.org/7.9.2009/os/x86_64/Packages/logrotate-3.8.6-19.el7.x86_64.rpm	https://vault.centos.org/7.9.2009/os/Source/SPackages/logrotate-3.8.6-19.el7.src.rpm
lshw-B.02.18-17.el7.x86_64	centos-os	1	GPLv2	https://vault.centos.org/7.9.2009/os/x86_64/Packages/lshw-B.02.18-17.el7.x86_64.rpm	https://vault.centos.org/7.9.2009/os/Source/SPackages/lshw-B.02.18-17.el7.src.rpm
lsscsi-0.27-6.el7.x86_64	centos-os	1	GPLv2+	https://vault.centos.org/7.9.2009/os/x86_64/Packages/lsscsi-0.27-6.el7.x86_64.rpm	https://vault.centos.org/7.9.2009/os/Source/SPackages/lsscsi-0.27-6.el7.src.rpm
ltrace-0.7.91-16.el7.x86_64	centos-os	1	GPLv2+	https://vault.centos.org/7.9.2009/os/x86_64/Packages/ltrace-0.7.91-16.el7.x86_64.rpm	https://vault.centos.org/7.9.2009/os/Source/SPackages/ltrace-0.7.91-16.el7.src.rpm
lua-5.1.4-15.el7.x86_64	centos-os	3	MIT	https://vault.centos.org/7.9.2009/os/x86_64/Packages/lua-5.1.4-15.el7.x86_64.rpm	https://vault.centos.org/7.9.2009/os/Source/SPackages/lua-5.1.4-15.el7.src.rpm
lua-bitop-1.0.2-3.el7.x86_64	epel	1	MIT	https://archives.fedoraproject.org/pub/archive/epel/7/x86_64/Packages/l/lua-bitop-1.0.2-3.el7.x86_64.rpm	https://archives.fedoraproject.org/pub/archive/epel/7/SRPMS/Packages/l/lua-bitop-1.0.2-3.el7.src.rpm
lua-filesystem-1.6.2-2.el7.x86_64	epel	1	MIT	https://archives.fedoraproject.org/pub/archive/epel/7/x86_64/Packages/l/lua-filesystem-1.6.2-2.el7.x86_64.rpm	https://archives.fedoraproject.org/pub/archive/epel/7/SRPMS/Packages/l/lua-filesystem-1.6.2-2.el7.src.rpm
lua-lpeg-0.12-1.el7.x86_64	epel	1	MIT	https://archives.fedoraproject.org/pub/archive/epel/7/x86_64/Packages/l/lua-lpeg-0.12-1.el7.x86_64.rpm	https://archives.fedoraproject.org/pub/archive/epel/7/SRPMS/Packages/l/lua-lpeg-0.12-1.el7.src.rpm
lua-posix-32-2.el7.x86_64	epel	2	Public Domain	https://archives.fedoraproject.org/pub/archive/epel/7/x86_64/Packages/l/lua-posix-32-2.el7.x86_64.rpm	https://archives.fedoraproject.org/pub/archive/epel/7/SRPMS/Packages/l/lua-posix-32-2.el7.src.rpm
lua-term-0.03-3.el7.x86_64	epel	1	MIT	https://archives.fedoraproject.org/pub/archive/epel/7/x86_64/Packages/l/lua-term-0.03-3.el7.x86_64.rpm	https://archives.fedoraproject.org/pub/archive/epel/7/SRPMS/Packages/l/lua-term-0.03-3.el7.src.rpm
lz4-1.8.3-1.el7.x86_64	centos-os	2	GPLv2+ and BSD	https://vault.centos.org/7.9.2009/os/x86_64/Packages/lz4-1.8.3-1.el7.x86_64.rpm	https://vault.centos.org/7.9.2009/os/Source/SPackages/lz4-1.8.3-1.el7.src.rpm
lzo-2.06-8.el7.x86_64	centos-os	1	GPLv2+	https://vault.centos.org/7.9.2009/os/x86_64/Packages/lzo-2.06-8.el7.x86_64.rpm	https://vault.centos.org/7.9.2009/os/Source/SPackages/lzo-2.06-8.el7.src.rpm
m4-1.4.16-10.el7.x86_64	centos-os	1	GPLv3+	https://vault.centos.org/7.9.2009/os/x86_64/Packages/m4-1.4.16-10.el7.x86_64.rpm	https://vault.centos.org/7.9.2009/os/Source/SPackages/m4-1.4.16-10.el7.src.rpm
mailx-12.5-19.el7.x86_64	centos-os	1	BSD with advertising and MPLv1.1	https://vault.centos.org/7.9.2009/os/x86_64/Packages/mailx-12.5-19.el7.x86_64.rpm	https://vault.centos.org/7.9.2009/os/Source/SPackages/mailx-12.5-19.el7.src.rpm
make-3.82-24.el7.x86_64	centos-os	1	GPLv2+	https://vault.centos.org/7.9.2009/os/x86_64/Packages/make-3.82-24.el7.x86_64.rpm	https://vault.centos.org/7.9.2009/os/Source/SPackages/make-3.82-24.el7.src.rpm
man-db-2.6.3-11.el7.x86_64	centos-os	11	GPLv2+ and GPLv3+	https://vault.centos.org/7.9.2009/os/x86_64/Packages/man-db-2.6.3-11.el7.x86_64.rpm	https://vault.centos.org/7.9.2009/os/Source/SPackages/man-db-2.6.3-11.el7.src.rpm
mariadb-libs-5.5.68-1.el7.x86_64	centos-os	3	GPLv2 with exceptions and LGPLv2 and BSD	https://vault.centos.org/7.9.2009/os/x86_64/Packages/mariadb-libs-5.5.68-1.el7.x86_64.rpm	https://vault.centos.org/7.9.2009/os/Source/SPackages/mariadb-5.5.68-1.el7.src.rpm
mokutil-15-8.el7.x86_64	centos-os	1	BSD	https://vault.centos.org/7.9.2009/os/x86_64/Packages/mokutil-15-8.el7.x86_64.rpm	https://vault.centos.org/7.9.2009/os/Source/SPackages/shim-signed-15-8.el7.src.rpm
mozjs17-17.0.0-20.el7.x86_64	centos-os	1	GPLv2+ or LGPLv2+ or MPLv1.1	https://vault.centos.org/7.9.2009/os/x86_64/Packages/mozjs17-17.0.0-20.el7.x86_64.rpm	https://vault.centos.org/7.9.2009/os/Source/SPackages/mozjs17-17.0.0-20.el7.src.rpm
mpfr-3.1.1-4.el7.x86_64	centos-os	1	LGPLv3+ and GPLv3+ and GFDL	https://vault.centos.org/7.9.2009/os/x86_64/Packages/mpfr-3.1.1-4.el7.x86_64.rpm	https://vault.centos.org/7.9.2009/os/Source/SPackages/mpfr-3.1.1-4.el7.src.rpm
ncurses-5.9-14.20130511.el7_4.x86_64	centos-os	7	MIT	https://vault.centos.org/7.9.2009/os/x86_64/Packages/ncurses-5.9-14.20130511.el7_4.x86_64.rpm	https://vault.centos.org/7.9.2009/os/Source/SPackages/ncurses-5.9-14.20130511.el7_4.src.rpm
ncurses-libs-5.9-14.20130511.el7_4.x86_64	centos-os	12	MIT	https://vault.centos.org/7.9.2009/os/x86_64/Packages/ncurses-libs-5.9-14.20130511.el7_4.x86_64.rpm	https://vault.centos.org/7.9.2009/os/Source/SPackages/ncurses-5.9-14.20130511.el7_4.src.rpm
neon-0.30.0-4.el7.x86_64	centos-os	1	LGPLv2+	https://vault.centos.org/7.9.2009/os/x86_64/Packages/neon-0.30.0-4.el7.x86_64.rpm	https://vault.centos.org/7.9.2009/os/Source/SPackages/neon-0.30.0-4.el7.src.rpm
net-tools-2.0-0.25.20131004git.el7.x86_64	centos-os	12	GPLv2+	https://vault.centos.org/7.9.2009/os/x86_64/Packages/net-tools-2.0-0.25.20131004git.el7.x86_64.rpm	https://vault.centos.org/7.9.2009/os/Source/SPackages/net-tools-2.0-0.25.20131004git.el7.src.rpm
nettle-2.7.1-9.el7_9.x86_64	centos-updates	6	LGPLv2+	https://vault.centos.org/7.9.2009/updates/x86_64/Packages/nettle-2.7.1-9.el7_9.x86_64.rpm	https://vault.centos.org/7.9.2009/updates/Source/SPackages/nettle-2.7.1-9.el7_9.src.rpm
newt-0.52.15-4.el7.x86_64	centos-os	2	LGPLv2	https://vault.centos.org/7.9.2009/os/x86_64/Packages/newt-0.52.15-4.el7.x86_64.rpm	https://vault.centos.org/7.9.2009/os/Source/SPackages/newt-0.52.15-4.el7.src.rpm
nfs-utils-1.3.0-0.68.el7.1.x86_64	centos-updates	2	MIT and GPLv2 and GPLv2+ and BSD	https://vault.centos.org/7.9.2009/updates/x86_64/Packages/nfs-utils-1.3.0-0.68.el7.1.x86_64.rpm	https://vault.centos.org/7.9.2009/updates/Source/SPackages/nfs-utils-1.3.0-0.68.el7.1.src.rpm
nfs-utils-1.3.0-0.68.el7.2.x86_64	centos-updates	14	MIT and GPLv2 and GPLv2+ and BSD	https://vault.centos.org/7.9.2009/updates/x86_64/Packages/nfs-utils-1.3.0-0.68.el7.2.x86_64.rpm	https://vault.centos.org/7.9.2009/updates/Source/SPackages/nfs-utils-1.3.0-0.68.el7.2.src.rpm
nspr-4.32.0-1.el7_9.x86_64	centos-updates	3	MPLv2.0	https://vault.centos.org/7.9.2009/updates/x86_64/Packages/nspr-4.32.0-1.el7_9.x86_64.rpm	https://vault.centos.org/7.9.2009/updates/Source/SPackages/nspr-4.32.0-1.el7_9.src.rpm
nss-3.67.0-4.el7_9.x86_64	centos-updates	4	MPLv2.0	https://vault.centos.org/7.9.2009/updates/x86_64/Packages/nss-3.67.0-4.el7_9.x86_64.rpm	https://vault.centos.org/7.9.2009/updates/Source/SPackages/nss-3.67.0-4.el7_9.src.rpm
nss-pem-1.0.3-7.el7.x86_64	centos-os	1	MPLv1.1	https://vault.centos.org/7.9.2009/os/x86_64/Packages/nss-pem-1.0.3-7.el7.x86_64.rpm	https://vault.centos.org/7.9.2009/os/Source/SPackages/nss-pem-1.0.3-7.el7.src.rpm
nss-softokn-3.67.0-3.el7_9.x86_64	centos-updates	5	MPLv2.0	https://vault.centos.org/7.9.2009/updates/x86_64/Packages/nss-softokn-3.67.0-3.el7_9.x86_64.rpm	https://vault.centos.org/7.9.2009/updates/Source/SPackages/nss-softokn-3.67.0-3.el7_9.src.rpm
nss-softokn-freebl-3.67.0-3.el7_9.x86_64	centos-updates	2	MPLv2.0	https://vault.centos.org/7.9.2009/updates/x86_64/Packages/nss-softokn-freebl-3.67.0-3.el7_9.x86_64.rpm	https://vault.centos.org/7.9.2009/updates/Source/SPackages/nss-softokn-3.67.0-3.el7_9.src.rpm
nss-sysinit-3.67.0-4.el7_9.x86_64	centos-updates	1	MPLv2.0	https://vault.centos.org/7.9.2009/updates/x86_64/Packages/nss-sysinit-3.67.0-4.el7_9.x86_64.rpm	https://vault.centos.org/7.9.2009/updates/Source/SPackages/nss-3.67.0-4.el7_9.src.rpm
nss-tools-3.67.0-4.el7_9.x86_64	centos-updates	20	MPLv2.0	https://vault.centos.org/7.9.2009/updates/x86_64/Packages/nss-tools-3.67.0-4.el7_9.x86_64.rpm	https://vault.centos.org/7.9.2009/updates/Source/SPackages/nss-3.67.0-4.el7_9.src.rpm
nss-util-3.67.0-1.el7_9.x86_64	centos-updates	1	MPLv2.0	https://vault.centos.org/7.9.2009/updates/x86_64/Packages/nss-util-3.67.0-1.el7_9.x86_64.rpm	https://vault.centos.org/7.9.2009/updates/Source/SPackages/nss-util-3.67.0-1.el7_9.src.rpm
numactl-2.0.12-5.el7.x86_64	centos-os	6	GPLv2	https://vault.centos.org/7.9.2009/os/x86_64/Packages/numactl-2.0.12-5.el7.x86_64.rpm	https://vault.centos.org/7.9.2009/os/Source/SPackages/numactl-2.0.12-5.el7.src.rpm
numactl-libs-2.0.12-5.el7.x86_64	centos-os	1	LGPLv2 and GPLv2	https://vault.centos.org/7.9.2009/os/x86_64/Packages/numactl-libs-2.0.12-5.el7.x86_64.rpm	https://vault.centos.org/7.9.2009/os/Source/SPackages/numactl-2.0.12-5.el7.src.rpm
nvme-cli-1.8.1-3.el7.x86_64	centos-os	1	GPLv2+	https://vault.centos.org/7.9.2009/os/x86_64/Packages/nvme-cli-1.8.1-3.el7.x86_64.rpm	https://vault.centos.org/7.9.2009/os/Source/SPackages/nvme-cli-1.8.1-3.el7.src.rpm
openldap-2.4.44-25.el7_9.x86_64	centos-updates	4	OpenLDAP	https://vault.centos.org/7.9.2009/updates/x86_64/Packages/openldap-2.4.44-25.el7_9.x86_64.rpm	https://vault.centos.org/7.9.2009/updates/Source/SPackages/openldap-2.4.44-25.el7_9.src.rpm
openssh-7.4p1-22.el7_9.x86_64	centos-updates	2	BSD	https://vault.centos.org/7.9.2009/updates/x86_64/Packages/openssh-7.4p1-22.el7_9.x86_64.rpm	https://vault.centos.org/7.9.2009/updates/Source/SPackages/openssh-7.4p1-22.el7_9.src.rpm
openssh-clients-7.4p1-22.el7_9.x86_64	centos-updates	6	BSD	https://vault.centos.org/7.9.2009/updates/x86_64/Packages/openssh-clients-7.4p1-22.el7_9.x86_64.rpm	https://vault.centos.org/7.9.2009/updates/Source/SPackages/openssh-7.4p1-22.el7_9.src.rpm
openssh-server-7.4p1-22.el7_9.x86_64	centos-updates	2	BSD	https://vault.centos.org/7.9.2009/updates/x86_64/Packages/openssh-server-7.4p1-22.el7_9.x86_64.rpm	https://vault.centos.org/7.9.2009/updates/Source/SPackages/openssh-7.4p1-22.el7_9.src.rpm
openssl-libs-1.0.2k-25.el7_9.x86_64	centos-updates	13	OpenSSL	https://vault.centos.org/7.9.2009/updates/x86_64/Packages/openssl-libs-1.0.2k-25.el7_9.x86_64.rpm	https://vault.centos.org/7.9.2009/updates/Source/SPackages/openssl-1.0.2k-25.el7_9.src.rpm
os-prober-1.58-9.el7.x86_64	centos-os	1	GPLv2+ and GPL+	https://vault.centos.org/7.9.2009/os/x86_64/Packages/os-prober-1.58-9.el7.x86_64.rpm	https://vault.centos.org/7.9.2009/os/Source/SPackages/os-prober-1.58-9.el7.src.rpm
p11-kit-0.23.5-3.el7.x86_64	centos-os	3	BSD	https://vault.centos.org/7.9.2009/os/x86_64/Packages/p11-kit-0.23.5-3.el7.x86_64.rpm	https://vault.centos.org/7.9.2009/os/Source/SPackages/p11-kit-0.23.5-3.el7.src.rpm
p11-kit-trust-0.23.5-3.el7.x86_64	centos-os	2	BSD	https://vault.centos.org/7.9.2009/os/x86_64/Packages/p11-kit-trust-0.23.5-3.el7.x86_64.rpm	https://vault.centos.org/7.9.2009/os/Source/SPackages/p11-kit-0.23.5-3.el7.src.rpm
pakchois-0.4-10.el7.x86_64	centos-os	1	LGPLv2+	https://vault.centos.org/7.9.2009/os/x86_64/Packages/pakchois-0.4-10.el7.x86_64.rpm	https://vault.centos.org/7.9.2009/os/Source/SPackages/pakchois-0.4-10.el7.src.rpm
pam-1.1.8-23.el7.x86_64	centos-os	58	BSD and GPLv2+	https://vault.centos.org/7.9.2009/os/x86_64/Packages/pam-1.1.8-23.el7.x86_64.rpm	https://vault.centos.org/7.9.2009/os/Source/SPackages/pam-1.1.8-23.el7.src.rpm
papi-5.2.0-26.el7.x86_64	centos-os	14	BSD	https://vault.centos.org/7.9.2009/os/x86_64/Packages/papi-5.2.0-26.el7.x86_64.rpm	https://vault.centos.org/7.9.2009/os/Source/SPackages/papi-5.2.0-26.el7.src.rpm
parted-3.1-32.el7.x86_64	centos-os	4	GPLv3+	https://vault.centos.org/7.9.2009/os/x86_64/Packages/parted-3.1-32.el7.x86_64.rpm	https://vault.centos.org/7.9.2009/os/Source/SPackages/parted-3.1-32.el7.src.rpm
passwd-0.79-6.el7.x86_64	centos-os	1	BSD or GPL+	https://vault.centos.org/7.9.2009/os/x86_64/Packages/passwd-0.79-6.el7.x86_64.rpm	https://vault.centos.org/7.9.2009/os/Source/SPackages/passwd-0.79-6.el7.src.rpm
patch-2.7.1-12.el7_7.x86_64	centos-os	1	GPLv3+	https://vault.centos.org/7.9.2009/os/x86_64/Packages/patch-2.7.1-12.el7_7.x86_64.rpm	https://vault.centos.org/7.9.2009/os/Source/SPackages/patch-2.7.1-12.el7_7.src.rpm
patchutils-0.3.3-5.el7_9.x86_64	centos-updates	3	GPLv2+	https://vault.centos.org/7.9.2009/updates/x86_64/Packages/patchutils-0.3.3-5.el7_9.x86_64.rpm	https://vault.centos.org/7.9.2009/updates/Source/SPackages/patchutils-0.3.3-5.el7_9.src.rpm
pciutils-3.5.1-3.el7.x86_64	centos-os	2	GPLv2+	https://vault.centos.org/7.9.2009/os/x86_64/Packages/pciutils-3.5.1-3.el7.x86_64.rpm	https://vault.centos.org/7.9.2009/os/Source/SPackages/pciutils-3.5.1-3.el7.src.rpm
pciutils-libs-3.5.1-3.el7.x86_64	centos-os	1	GPLv2+	https://vault.centos.org/7.9.2009/os/x86_64/Packages/pciutils-libs-3.5.1-3.el7.x86_64.rpm	https://vault.centos.org/7.9.2009/os/Source/SPackages/pciutils-3.5.1-3.el7.src.rpm
pcre-8.32-17.el7.x86_64	centos-os	5	BSD	https://vault.centos.org/7.9.2009/os/x86_64/Packages/pcre-8.32-17.el7.x86_64.rpm	https://vault.centos.org/7.9.2009/os/Source/SPackages/pcre-8.32-17.el7.src.rpm
pdsh-2.34-5.el7.x86_64	epel	4	GPLv2+	https://archives.fedoraproject.org/pub/archive/epel/7/x86_64/Packages/p/pdsh-2.34-5.el7.x86_64.rpm	https://archives.fedoraproject.org/pub/archive/epel/7/SRPMS/Packages/p/pdsh-2.34-5.el7.src.rpm
pdsh-rcmd-ssh-2.34-5.el7.x86_64	epel	1	GPLv2+	https://archives.fedoraproject.org/pub/archive/epel/7/x86_64/Packages/p/pdsh-rcmd-ssh-2.34-5.el7.x86_64.rpm	https://archives.fedoraproject.org/pub/archive/epel/7/SRPMS/Packages/p/pdsh-2.34-5.el7.src.rpm
perf-3.10.0-1160.76.1.el7.x86_64	centos-updates	12	GPLv2	https://vault.centos.org/7.9.2009/updates/x86_64/Packages/perf-3.10.0-1160.76.1.el7.x86_64.rpm	https://vault.centos.org/7.9.2009/updates/Source/SPackages/kernel-3.10.0-1160.76.1.el7.src.rpm
perl-5.16.3-299.el7_9.x86_64	centos-updates	33	(GPL+ or Artistic) and (GPLv2+ or Artistic) and Copyright Only and MIT and Public Domain and UCD	https://vault.centos.org/7.9.2009/updates/x86_64/Packages/perl-5.16.3-299.el7_9.x86_64.rpm	https://vault.centos.org/7.9.2009/updates/Source/SPackages/perl-5.16.3-299.el7_9.src.rpm
perl-Data-Dumper-2.145-3.el7.x86_64	centos-os	1	GPL+ or Artistic	https://vault.centos.org/7.9.2009/os/x86_64/Packages/perl-Data-Dumper-2.145-3.el7.x86_64.rpm	https://vault.centos.org/7.9.2009/os/Source/SPackages/perl-Data-Dumper-2.145-3.el7.src.rpm
perl-Encode-2.51-7.el7.x86_64	centos-os	9	GPL+ or Artistic	https://vault.centos.org/7.9.2009/os/x86_64/Packages/perl-Encode-2.51-7.el7.x86_64.rpm	https://vault.centos.org/7.9.2009/os/Source/SPackages/perl-Encode-2.51-7.el7.src.rpm
perl-Filter-1.49-3.el7.x86_64	centos-os	4	GPL+ or Artistic	https://vault.centos.org/7.9.2009/os/x86_64/Packages/perl-Filter-1.49-3.el7.x86_64.rpm	https://vault.centos.org/7.9.2009/os/Source/SPackages/perl-Filter-1.49-3.el7.src.rpm
perl-PathTools-3.40-5.el7.x86_64	centos-os	1	(GPL+ or Artistic) and BSD	https://vault.centos.org/7.9.2009/os/x86_64/Packages/perl-PathTools-3.40-5.el7.x86_64.rpm	https://vault.centos.org/7.9.2009/os/Source/SPackages/perl-PathTools-3.40-5.el7.src.rpm
perl-Socket-2.010-5.el7.x86_64	centos-os	1	GPL+ or Artistic	https://vault.centos.org/7.9.2009/os/x86_64/Packages/perl-Socket-2.010-5.el7.x86_64.rpm	https://vault.centos.org/7.9.2009/os/Source/SPackages/perl-Socket-2.010-5.el7.src.rpm
perl-Storable-2.45-3.el7.x86_64	centos-os	1	GPL+ or Artistic	https://vault.centos.org/7.9.2009/os/x86_64/Packages/perl-Storable-2.45-3.el7.x86_64.rpm	https://vault.centos.org/7.9.2009/os/Source/SPackages/perl-Storable-2.45-3.el7.src.rpm
perl-TermReadKey-2.30-20.el7.x86_64	centos-os	1	(Copyright only) and (Artistic or GPL+)	https://vault.centos.org/7.9.2009/os/x86_64/Packages/perl-TermReadKey-2.30-20.el7.x86_64.rpm	https://vault.centos.org/7.9.2009/os/Source/SPackages/perl-TermReadKey-2.30-20.el7.src.rpm
perl-Time-HiRes-1.9725-3.el7.x86_64	centos-os	1	GPL+ or Artistic	https://vault.centos.org/7.9.2009/os/x86_64/Packages/perl-Time-HiRes-1.9725-3.el7.x86_64.rpm	https://vault.centos.org/7.9.2009/os/Source/SPackages/perl-Time-HiRes-1.9725-3.el7.src.rpm
perl-XML-Parser-2.41-10.el7.x86_64	centos-os	1	GPL+ or Artistic	https://vault.centos.org/7.9.2009/os/x86_64/Packages/perl-XML-Parser-2.41-10.el7.x86_64.rpm	https://vault.centos.org/7.9.2009/os/Source/SPackages/perl-XML-Parser-2.41-10.el7.src.rpm
perl-libs-5.16.3-299.el7_9.x86_64	centos-updates	1	GPL+ or Artistic	https://vault.centos.org/7.9.2009/updates/x86_64/Packages/perl-libs-5.16.3-299.el7_9.x86_64.rpm	https://vault.centos.org/7.9.2009/updates/Source/SPackages/perl-5.16.3-299.el7_9.src.rpm
perl-threads-1.87-4.el7.x86_64	centos-os	1	GPL+ or Artistic	https://vault.centos.org/7.9.2009/os/x86_64/Packages/perl-threads-1.87-4.el7.x86_64.rpm	https://vault.centos.org/7.9.2009/os/Source/SPackages/perl-threads-1.87-4.el7.src.rpm
perl-threads-shared-1.43-6.el7.x86_64	centos-os	1	GPL+ or Artistic	https://vault.centos.org/7.9.2009/os/x86_64/Packages/perl-threads-shared-1.43-6.el7.x86_64.rpm	https://vault.centos.org/7.9.2009/os/Source/SPackages/perl-threads-shared-1.43-6.el7.src.rpm
pinentry-0.8.1-17.el7.x86_64	centos-os	1	GPLv2+	https://vault.centos.org/7.9.2009/os/x86_64/Packages/pinentry-0.8.1-17.el7.x86_64.rpm	https://vault.centos.org/7.9.2009/os/Source/SPackages/pinentry-0.8.1-17.el7.src.rpm
pkgconfig-0.27.1-4.el7.x86_64	centos-os	1	GPLv2+	https://vault.centos.org/7.9.2009/os/x86_64/Packages/pkgconfig-0.27.1-4.el7.x86_64.rpm	https://vault.centos.org/7.9.2009/os/Source/SPackages/pkgconfig-0.27.1-4.el7.src.rpm
plymouth-0.8.9-0.34.20140113.el7.centos.x86_64	centos-os	6	GPLv2+	https://vault.centos.org/7.9.2009/os/x86_64/Packages/plymouth-0.8.9-0.34.20140113.el7.centos.x86_64.rpm	https://vault.centos.org/7.9.2009/os/Source/SPackages/plymouth-0.8.9-0.34.20140113.el7.centos.src.rpm
plymouth-core-libs-0.8.9-0.34.20140113.el7.centos.x86_64	centos-os	3	GPLv2+	https://vault.centos.org/7.9.2009/os/x86_64/Packages/plymouth-core-libs-0.8.9-0.34.20140113.el7.centos.x86_64.rpm	https://vault.centos.org/7.9.2009/os/Source/SPackages/plymouth-0.8.9-0.34.20140113.el7.centos.src.rpm
policycoreutils-2.5-34.el7.x86_64	centos-os	7	GPLv2	https://vault.centos.org/7.9.2009/os/x86_64/Packages/policycoreutils-2.5-34.el7.x86_64.rpm	https://vault.centos.org/7.9.2009/os/Source/SPackages/policycoreutils-2.5-34.el7.src.rpm
polkit-0.112-26.el7_9.1.x86_64	centos-updates	8	LGPLv2+	https://vault.centos.org/7.9.2009/updates/x86_64/Packages/polkit-0.112-26.el7_9.1.x86_64.rpm	https://vault.centos.org/7.9.2009/updates/Source/SPackages/polkit-0.112-26.el7_9.1.src.rpm
polkit-pkla-compat-0.1-4.el7.x86_64	centos-os	2	LGPLv2+	https://vault.centos.org/7.9.2009/os/x86_64/Packages/polkit-pkla-compat-0.1-4.el7.x86_64.rpm	https://vault.centos.org/7.9.2009/os/Source/SPackages/polkit-pkla-compat-0.1-4.el7.src.rpm
popt-1.13-16.el7.x86_64	centos-os	1	MIT	https://vault.centos.org/7.9.2009/os/x86_64/Packages/popt-1.13-16.el7.x86_64.rpm	https://vault.centos.org/7.9.2009/os/Source/SPackages/popt-1.13-16.el7.src.rpm
postfix-2.10.1-9.el7.x86_64	centos-os	43	IBM and GPLv2+	https://vault.centos.org/7.9.2009/os/x86_64/Packages/postfix-2.10.1-9.el7.x86_64.rpm	https://vault.centos.org/7.9.2009/os/Source/SPackages/postfix-2.10.1-9.el7.src.rpm
procps-ng-3.3.10-28.el7.x86_64	centos-os	17	GPL+ and GPLv2 and GPLv2+ and GPLv3+ and LGPLv2+	https://vault.centos.org/7.9.2009/os/x86_64/Packages/procps-ng-3.3.10-28.el7.x86_64.rpm	https://vault.centos.org/7.9.2009/os/Source/SPackages/procps-ng-3.3.10-28.el7.src.rpm
psmisc-22.20-17.el7.x86_64	centos-os	5	GPLv2+	https://vault.centos.org/7.9.2009/os/x86_64/Packages/psmisc-22.20-17.el7.x86_64.rpm	https://vault.centos.org/7.9.2009/os/Source/SPackages/psmisc-22.20-17.el7.src.rpm
pth-2.0.7-23.el7.x86_64	centos-os	1	LGPLv2+	https://vault.centos.org/7.9.2009/os/x86_64/Packages/pth-2.0.7-23.el7.x86_64.rpm	https://vault.centos.org/7.9.2009/os/Source/SPackages/pth-2.0.7-23.el7.src.rpm
pygpgme-0.3-9.el7.x86_64	centos-os	1	LGPLv2+	https://vault.centos.org/7.9.2009/os/x86_64/Packages/pygpgme-0.3-9.el7.x86_64.rpm	https://vault.centos.org/7.9.2009/os/Source/SPackages/pygpgme-0.3-9.el7.src.rpm
pyliblzma-0.5.3-11.el7.x86_64	centos-os	1	LGPLv3+	https://vault.centos.org/7.9.2009/os/x86_64/Packages/pyliblzma-0.5.3-11.el7.x86_64.rpm	https://vault.centos.org/7.9.2009/os/Source/SPackages/pyliblzma-0.5.3-11.el7.src.rpm
python-2.7.5-92.el7_9.x86_64	centos-updates	1	Python	https://vault.centos.org/7.9.2009/updates/x86_64/Packages/python-2.7.5-92.el7_9.x86_64.rpm	https://vault.centos.org/7.9.2009/updates/Source/SPackages/python-2.7.5-92.el7_9.src.rpm
python-gobject-base-3.22.0-1.el7_4.1.x86_64	centos-os	1	LGPLv2+ and MIT	https://vault.centos.org/7.9.2009/os/x86_64/Packages/python-gobject-base-3.22.0-1.el7_4.1.x86_64.rpm	https://vault.centos.org/7.9.2009/os/Source/SPackages/pygobject3-3.22.0-1.el7_4.1.src.rpm
python-libs-2.7.5-92.el7_9.x86_64	centos-updates	67	Python	https://vault.centos.org/7.9.2009/updates/x86_64/Packages/python-libs-2.7.5-92.el7_9.x86_64.rpm	https://vault.centos.org/7.9.2009/updates/Source/SPackages/python-2.7.5-92.el7_9.src.rpm
python-perf-3.10.0-1160.76.1.el7.x86_64	centos-updates	1	GPLv2	https://vault.centos.org/7.9.2009/updates/x86_64/Packages/python-perf-3.10.0-1160.76.1.el7.x86_64.rpm	https://vault.centos.org/7.9.2009/updates/Source/SPackages/kernel-3.10.0-1160.76.1.el7.src.rpm
python-pycurl-7.19.0-19.el7.x86_64	centos-os	1	LGPLv2+ or MIT	https://vault.centos.org/7.9.2009/os/x86_64/Packages/python-pycurl-7.19.0-19.el7.x86_64.rpm	https://vault.centos.org/7.9.2009/os/Source/SPackages/python-pycurl-7.19.0-19.el7.src.rpm
python-schedutils-0.4-6.el7.x86_64	centos-os	1	GPLv2	https://vault.centos.org/7.9.2009/os/x86_64/Packages/python-schedutils-0.4-6.el7.x86_64.rpm	https://vault.centos.org/7.9.2009/os/Source/SPackages/python-schedutils-0.4-6.el7.src.rpm
qemu-guest-agent-2.12.0-3.el7.x86_64	centos-os	1	GPLv2	https://vault.centos.org/7.9.2009/os/x86_64/Packages/qemu-guest-agent-2.12.0-3.el7.x86_64.rpm	https://vault.centos.org/7.9.2009/os/Source/SPackages/qemu-guest-agent-2.12.0-3.el7.src.rpm
qrencode-libs-3.4.1-3.el7.x86_64	centos-os	1	LGPLv2+	https://vault.centos.org/7.9.2009/os/x86_64/Packages/qrencode-libs-3.4.1-3.el7.x86_64.rpm	https://vault.centos.org/7.9.2009/os/Source/SPackages/qrencode-3.4.1-3.el7.src.rpm
quota-4.01-19.el7.x86_64	centos-os	12	BSD and LGPLv2+ and GPLv2 and GPLv2+	https://vault.centos.org/7.9.2009/os/x86_64/Packages/quota-4.01-19.el7.x86_64.rpm	https://vault.centos.org/7.9.2009/os/Source/SPackages/quota-4.01-19.el7.src.rpm
rcs-5.9.0-7.el7.x86_64	centos-os	3	GPLv3+	https://vault.centos.org/7.9.2009/os/x86_64/Packages/rcs-5.9.0-7.el7.x86_64.rpm	https://vault.centos.org/7.9.2009/os/Source/SPackages/rcs-5.9.0-7.el7.src.rpm
rdma-core-22.4-6.el7_9.x86_64	centos-updates	1	GPLv2 or BSD	https://vault.centos.org/7.9.2009/updates/x86_64/Packages/rdma-core-22.4-6.el7_9.x86_64.rpm	https://vault.centos.org/7.9.2009/updates/Source/SPackages/rdma-core-22.4-6.el7_9.src.rpm
readline-6.2-11.el7.x86_64	centos-os	2	GPLv3+	https://vault.centos.org/7.9.2009/os/x86_64/Packages/readline-6.2-11.el7.x86_64.rpm	https://vault.centos.org/7.9.2009/os/Source/SPackages/readline-6.2-11.el7.src.rpm
rpcbind-0.2.0-49.el7.x86_64	centos-os	2	BSD	https://vault.centos.org/7.9.2009/os/x86_64/Packages/rpcbind-0.2.0-49.el7.x86_64.rpm	https://vault.centos.org/7.9.2009/os/Source/SPackages/rpcbind-0.2.0-49.el7.src.rpm
rpm-4.11.3-48.el7_9.x86_64	centos-updates	4	GPLv2+	https://vault.centos.org/7.9.2009/updates/x86_64/Packages/rpm-4.11.3-48.el7_9.x86_64.rpm	https://vault.centos.org/7.9.2009/updates/Source/SPackages/rpm-4.11.3-48.el7_9.src.rpm
rpm-build-4.11.3-48.el7_9.x86_64	centos-updates	6	GPLv2+	https://vault.centos.org/7.9.2009/updates/x86_64/Packages/rpm-build-4.11.3-48.el7_9.x86_64.rpm	https://vault.centos.org/7.9.2009/updates/Source/SPackages/rpm-4.11.3-48.el7_9.src.rpm
rpm-build-libs-4.11.3-48.el7_9.x86_64	centos-updates	2	GPLv2+ and LGPLv2+ with exceptions	https://vault.centos.org/7.9.2009/updates/x86_64/Packages/rpm-build-libs-4.11.3-48.el7_9.x86_64.rpm	https://vault.centos.org/7.9.2009/updates/Source/SPackages/rpm-4.11.3-48.el7_9.src.rpm
rpm-libs-4.11.3-48.el7_9.x86_64	centos-updates	2	GPLv2+ and LGPLv2+ with exceptions	https://vault.centos.org/7.9.2009/updates/x86_64/Packages/rpm-libs-4.11.3-48.el7_9.x86_64.rpm	https://vault.centos.org/7.9.2009/updates/Source/SPackages/rpm-4.11.3-48.el7_9.src.rpm
rpm-python-4.11.3-48.el7_9.x86_64	centos-updates	3	GPLv2+	https://vault.centos.org/7.9.2009/updates/x86_64/Packages/rpm-python-4.11.3-48.el7_9.x86_64.rpm	https://vault.centos.org/7.9.2009/updates/Source/SPackages/rpm-4.11.3-48.el7_9.src.rpm
rpm-sign-4.11.3-48.el7_9.x86_64	centos-updates	1	GPLv2+	https://vault.centos.org/7.9.2009/updates/x86_64/Packages/rpm-sign-4.11.3-48.el7_9.x86_64.rpm	https://vault.centos.org/7.9.2009/updates/Source/SPackages/rpm-4.11.3-48.el7_9.src.rpm
rsh-0.17-80.el7.x86_64	centos-os	4	BSD	https://vault.centos.org/7.9.2009/os/x86_64/Packages/rsh-0.17-80.el7.x86_64.rpm	https://vault.centos.org/7.9.2009/os/Source/SPackages/rsh-0.17-80.el7.src.rpm
rsync-3.1.2-11.el7_9.x86_64	centos-updates	1	GPLv3+	https://vault.centos.org/7.9.2009/updates/x86_64/Packages/rsync-3.1.2-11.el7_9.x86_64.rpm	https://vault.centos.org/7.9.2009/updates/Source/SPackages/rsync-3.1.2-11.el7_9.src.rpm
rsyslog-8.24.0-57.el7_9.3.x86_64	centos-updates	35	(GPLv3+ and ASL 2.0)	https://vault.centos.org/7.9.2009/updates/x86_64/Packages/rsyslog-8.24.0-57.el7_9.3.x86_64.rpm	https://vault.centos.org/7.9.2009/updates/Source/SPackages/rsyslog-8.24.0-57.el7_9.3.src.rpm
screen-4.1.0-0.27.20120314git3c2946.el7_9.x86_64	centos-updates	1	GPLv2+	https://vault.centos.org/7.9.2009/updates/x86_64/Packages/screen-4.1.0-0.27.20120314git3c2946.el7_9.x86_64.rpm	https://vault.centos.org/7.9.2009/updates/Source/SPackages/screen-4.1.0-0.27.20120314git3c2946.el7_9.src.rpm
sed-4.2.2-7.el7.x86_64	centos-os	1	GPLv3+	https://vault.centos.org/7.9.2009/os/x86_64/Packages/sed-4.2.2-7.el7.x86_64.rpm	https://vault.centos.org/7.9.2009/os/Source/SPackages/sed-4.2.2-7.el7.src.rpm
sg3_utils-1.37-19.el7.x86_64	centos-os	56	GPLv2+ and BSD	https://vault.centos.org/7.9.2009/os/x86_64/Packages/sg3_utils-1.37-19.el7.x86_64.rpm	https://vault.centos.org/7.9.2009/os/Source/SPackages/sg3_utils-1.37-19.el7.src.rpm
sg3_utils-libs-1.37-19.el7.x86_64	centos-os	1	GPLv2+ and BSD	https://vault.centos.org/7.9.2009/os/x86_64/Packages/sg3_utils-libs-1.37-19.el7.x86_64.rpm	https://vault.centos.org/7.9.2009/os/Source/SPackages/sg3_utils-1.37-19.el7.src.rpm
shadow-utils-4.6-5.el7.x86_64	centos-os	23	BSD and GPLv2+	https://vault.centos.org/7.9.2009/os/x86_64/Packages/shadow-utils-4.6-5.el7.x86_64.rpm	https://vault.centos.org/7.9.2009/os/Source/SPackages/shadow-utils-4.6-5.el7.src.rpm
shared-mime-info-1.8-5.el7.x86_64	centos-os	1	GPLv2+	https://vault.centos.org/7.9.2009/os/x86_64/Packages/shared-mime-info-1.8-5.el7.x86_64.rpm	https://vault.centos.org/7.9.2009/os/Source/SPackages/shared-mime-info-1.8-5.el7.src.rpm
slang-2.2.4-11.el7.x86_64	centos-os	1	GPLv2+	https://vault.centos.org/7.9.2009/os/x86_64/Packages/slang-2.2.4-11.el7.x86_64.rpm	https://vault.centos.org/7.9.2009/os/Source/SPackages/slang-2.2.4-11.el7.src.rpm
spax-1.5.2-13.el7.x86_64	centos-os	1	CDDL	https://vault.centos.org/7.9.2009/os/x86_64/Packages/spax-1.5.2-13.el7.x86_64.rpm	https://vault.centos.org/7.9.2009/os/Source/SPackages/star-1.5.2-13.el7.src.rpm
sqlite-3.7.17-8.el7_7.1.x86_64	centos-os	2	Public Domain	https://vault.centos.org/7.9.2009/os/x86_64/Packages/sqlite-3.7.17-8.el7_7.1.x86_64.rpm	https://vault.centos.org/7.9.2009/os/Source/SPackages/sqlite-3.7.17-8.el7_7.1.src.rpm
strace-4.24-6.el7.x86_64	centos-os	1	LGPL-2.1+ and GPL-2.0+	https://vault.centos.org/7.9.2009/os/x86_64/Packages/strace-4.24-6.el7.x86_64.rpm	https://vault.centos.org/7.9.2009/os/Source/SPackages/strace-4.24-6.el7.src.rpm
subversion-1.7.14-16.el7.x86_64	centos-os	8	ASL 2.0	https://vault.centos.org/7.9.2009/os/x86_64/Packages/subversion-1.7.14-16.el7.x86_64.rpm	https://vault.centos.org/7.9.2009/os/Source/SPackages/subversion-1.7.14-16.el7.src.rpm
subversion-libs-1.7.14-16.el7.x86_64	centos-os	15	ASL 2.0	https://vault.centos.org/7.9.2009/os/x86_64/Packages/subversion-libs-1.7.14-16.el7.x86_64.rpm	https://vault.centos.org/7.9.2009/os/Source/SPackages/subversion-1.7.14-16.el7.src.rpm
sudo-1.8.23-10.el7_9.2.x86_64	centos-updates	3	ISC	https://vault.centos.org/7.9.2009/updates/x86_64/Packages/sudo-1.8.23-10.el7_9.2.x86_64.rpm	https://vault.centos.org/7.9.2009/updates/Source/SPackages/sudo-1.8.23-10.el7_9.2.src.rpm
swig-2.0.10-5.el7.x86_64	centos-os	2	GPLv3+ and BSD	https://vault.centos.org/7.9.2009/os/x86_64/Packages/swig-2.0.10-5.el7.x86_64.rpm	https://vault.centos.org/7.9.2009/os/Source/SPackages/swig-2.0.10-5.el7.src.rpm
systemd-219-78.el7_9.7.x86_64	centos-updates	84	LGPLv2+ and MIT and GPLv2+	https://vault.centos.org/7.9.2009/updates/x86_64/Packages/systemd-219-78.el7_9.7.x86_64.rpm	https://vault.centos.org/7.9.2009/updates/Source/SPackages/systemd-219-78.el7_9.7.src.rpm
systemd-libs-219-78.el7_9.7.x86_64	centos-updates	9	LGPLv2+ and MIT	https://vault.centos.org/7.9.2009/updates/x86_64/Packages/systemd-libs-219-78.el7_9.7.x86_64.rpm	https://vault.centos.org/7.9.2009/updates/Source/SPackages/systemd-219-78.el7_9.7.src.rpm
systemtap-devel-4.0-13.el7.x86_64	centos-os	2	GPLv2+	https://vault.centos.org/7.9.2009/os/x86_64/Packages/systemtap-devel-4.0-13.el7.x86_64.rpm	https://vault.centos.org/7.9.2009/os/Source/SPackages/systemtap-4.0-13.el7.src.rpm
systemtap-runtime-4.0-13.el7.x86_64	centos-os	7	GPLv2+	https://vault.centos.org/7.9.2009/os/x86_64/Packages/systemtap-runtime-4.0-13.el7.x86_64.rpm	https://vault.centos.org/7.9.2009/os/Source/SPackages/systemtap-4.0-13.el7.src.rpm
sysvinit-tools-2.88-14.dsf.el7.x86_64	centos-os	4	GPLv2+	https://vault.centos.org/7.9.2009/os/x86_64/Packages/sysvinit-tools-2.88-14.dsf.el7.x86_64.rpm	https://vault.centos.org/7.9.2009/os/Source/SPackages/sysvinit-2.88-14.dsf.el7.src.rpm
tar-1.26-35.el7.x86_64	centos-os	1	GPLv3+	https://vault.centos.org/7.9.2009/os/x86_64/Packages/tar-1.26-35.el7.x86_64.rpm	https://vault.centos.org/7.9.2009/os/Source/SPackages/tar-1.26-35.el7.src.rpm
tcl-8.5.13-8.el7.x86_64	centos-os	2	TCL	https://vault.centos.org/7.9.2009/os/x86_64/Packages/tcl-8.5.13-8.el7.x86_64.rpm	https://vault.centos.org/7.9.2009/os/Source/SPackages/tcl-8.5.13-8.el7.src.rpm
tcp_wrappers-7.6-77.el7.x86_64	centos-os	4	BSD	https://vault.centos.org/7.9.2009/os/x86_64/Packages/tcp_wrappers-7.6-77.el7.x86_64.rpm	https://vault.centos.org/7.9.2009/os/Source/SPackages/tcp_wrappers-7.6-77.el7.src.rpm
tcp_wrappers-libs-7.6-77.el7.x86_64	centos-os	1	BSD	https://vault.centos.org/7.9.2009/os/x86_64/Packages/tcp_wrappers-libs-7.6-77.el7.x86_64.rpm	https://vault.centos.org/7.9.2009/os/Source/SPackages/tcp_wrappers-7.6-77.el7.src.rpm
teamd-1.29-3.el7.x86_64	centos-os	3	LGPLv2+	https://vault.centos.org/7.9.2009/os/x86_64/Packages/teamd-1.29-3.el7.x86_64.rpm	https://vault.centos.org/7.9.2009/os/Source/SPackages/libteam-1.29-3.el7.src.rpm
time-1.7-45.el7.x86_64	centos-os	1	GPLv2+	https://vault.centos.org/7.9.2009/os/x86_64/Packages/time-1.7-45.el7.x86_64.rpm	https://vault.centos.org/7.9.2009/os/Source/SPackages/time-1.7-45.el7.src.rpm
trousers-0.3.14-2.el7.x86_64	centos-os	2	BSD	https://vault.centos.org/7.9.2009/os/x86_64/Packages/trousers-0.3.14-2.el7.x86_64.rpm	https://vault.centos.org/7.9.2009/os/Source/SPackages/trousers-0.3.14-2.el7.src.rpm
unzip-6.0-24.el7_9.x86_64	centos-updates	4	BSD	https://vault.centos.org/7.9.2009/updates/x86_64/Packages/unzip-6.0-24.el7_9.x86_64.rpm	https://vault.centos.org/7.9.2009/updates/Source/SPackages/unzip-6.0-24.el7_9.src.rpm
ustr-1.0.4-16.el7.x86_64	centos-os	1	MIT or LGPLv2+ or BSD	https://vault.centos.org/7.9.2009/os/x86_64/Packages/ustr-1.0.4-16.el7.x86_64.rpm	https://vault.centos.org/7.9.2009/os/Source/SPackages/ustr-1.0.4-16.el7.src.rpm
util-linux-2.23.2-65.el7_9.1.x86_64	centos-updates	97	GPLv2 and GPLv2+ and LGPLv2+ and BSD with advertising and Public Domain	https://vault.centos.org/7.9.2009/updates/x86_64/Packages/util-linux-2.23.2-65.el7_9.1.x86_64.rpm	https://vault.centos.org/7.9.2009/updates/Source/SPackages/util-linux-2.23.2-65.el7_9.1.src.rpm
vim-common-7.4.629-7.el7.x86_64	centos-os	1	Vim	https://vault.centos.org/7.9.2009/os/x86_64/Packages/vim-common-7.4.629-7.el7.x86_64.rpm	https://vault.centos.org/7.9.2009/os/Source/SPackages/vim-7.4.629-7.el7.src.rpm
vim-enhanced-7.4.629-8.el7_9.x86_64	centos-updates	1	Vim	https://vault.centos.org/7.9.2009/updates/x86_64/Packages/vim-enhanced-7.4.629-8.el7_9.x86_64.rpm	https://vault.centos.org/7.9.2009/updates/Source/SPackages/vim-7.4.629-8.el7_9.src.rpm
vim-minimal-7.4.629-8.el7_9.x86_64	centos-updates	1	Vim	https://vault.centos.org/7.9.2009/updates/x86_64/Packages/vim-minimal-7.4.629-8.el7_9.x86_64.rpm	https://vault.centos.org/7.9.2009/updates/Source/SPackages/vim-7.4.629-8.el7_9.src.rpm
virt-what-1.18-4.el7_9.1.x86_64	centos-updates	1	GPLv2+	https://vault.centos.org/7.9.2009/updates/x86_64/Packages/virt-what-1.18-4.el7_9.1.x86_64.rpm	https://vault.centos.org/7.9.2009/updates/Source/SPackages/virt-what-1.18-4.el7_9.1.src.rpm
wget-1.14-18.el7_6.1.x86_64	centos-os	1	GPLv3+	https://vault.centos.org/7.9.2009/os/x86_64/Packages/wget-1.14-18.el7_6.1.x86_64.rpm	https://vault.centos.org/7.9.2009/os/Source/SPackages/wget-1.14-18.el7_6.1.src.rpm
which-2.20-7.el7.x86_64	centos-os	1	GPLv3	https://vault.centos.org/7.9.2009/os/x86_64/Packages/which-2.20-7.el7.x86_64.rpm	https://vault.centos.org/7.9.2009/os/Source/SPackages/which-2.20-7.el7.src.rpm
wpa_supplicant-2.6-12.el7_9.2.x86_64	centos-updates	4	BSD	https://vault.centos.org/7.9.2009/updates/x86_64/Packages/wpa_supplicant-2.6-12.el7_9.2.x86_64.rpm	https://vault.centos.org/7.9.2009/updates/Source/SPackages/wpa_supplicant-2.6-12.el7_9.2.src.rpm
xfsprogs-4.5.0-22.el7.x86_64	centos-os	13	GPL+ and LGPLv2+	https://vault.centos.org/7.9.2009/os/x86_64/Packages/xfsprogs-4.5.0-22.el7.x86_64.rpm	https://vault.centos.org/7.9.2009/os/Source/SPackages/xfsprogs-4.5.0-22.el7.src.rpm
xz-5.2.2-2.el7_9.x86_64	centos-updates	2	LGPLv2+	https://vault.centos.org/7.9.2009/updates/x86_64/Packages/xz-5.2.2-2.el7_9.x86_64.rpm	https://vault.centos.org/7.9.2009/updates/Source/SPackages/xz-5.2.2-2.el7_9.src.rpm
xz-libs-5.2.2-2.el7_9.x86_64	centos-updates	1	LGPLv2+	https://vault.centos.org/7.9.2009/updates/x86_64/Packages/xz-libs-5.2.2-2.el7_9.x86_64.rpm	https://vault.centos.org/7.9.2009/updates/Source/SPackages/xz-5.2.2-2.el7_9.src.rpm
yum-metadata-parser-1.1.4-10.el7.x86_64	centos-os	1	GPLv2	https://vault.centos.org/7.9.2009/os/x86_64/Packages/yum-metadata-parser-1.1.4-10.el7.x86_64.rpm	https://vault.centos.org/7.9.2009/os/Source/SPackages/yum-metadata-parser-1.1.4-10.el7.src.rpm
zip-3.0-11.el7.x86_64	centos-os	4	BSD	https://vault.centos.org/7.9.2009/os/x86_64/Packages/zip-3.0-11.el7.x86_64.rpm	https://vault.centos.org/7.9.2009/os/Source/SPackages/zip-3.0-11.el7.src.rpm
zlib-1.2.7-20.el7_9.x86_64	centos-updates	1	zlib and Boost	https://vault.centos.org/7.9.2009/updates/x86_64/Packages/zlib-1.2.7-20.el7_9.x86_64.rpm	https://vault.centos.org/7.9.2009/updates/Source/SPackages/zlib-1.2.7-20.el7_9.src.rpm
zsh-5.0.2-34.el7_8.2.x86_64	centos-os	33	MIT	https://vault.centos.org/7.9.2009/os/x86_64/Packages/zsh-5.0.2-34.el7_8.2.x86_64.rpm	https://vault.centos.org/7.9.2009/os/Source/SPackages/zsh-5.0.2-34.el7_8.2.src.rpm
