00	driverlicence
01	driverlicences
02	driver lic
03	driver licence
04	driver licences
05	driverslic
06	driverslicence
07	driverslicences
08	drivers lic
09	drivers lics
10	drivers licence
11	drivers licences
12	driver'lic
13	driver'lics
14	driver'licence
15	driver'licences
16	driver' lic
17	driver' lics
18	driver' licence
19	driver' licences
20	driver'slic
21	driver'slics
22	driver'slicence
23	driver'slicences
24	driver's lic
25	driver's lics
26	driver's licence
27	driver's licences
28	driverlic#
29	driverlics#
30	driverlicence#
31	driverlicences#
32	driver lic#
33	driver lics#
34	driver licence#
35	driver licences#
36	driverslic#
37	driverslics#
38	driverslicence#
39	driverslicences#
40	drivers lic#
41	drivers lics#
42	drivers licence#
43	drivers licences#
44	driver'lic#
45	driver'lics#
46	driver'licence#
47	driver'licences#
48	driver' lic#
49	driver' lics#
50	driver' licence#
51	driver' licences#
52	driver'slic#
53	driver'slics#
54	driver'slicence#
55	driver'slicences#
56	driver's lic#
57	driver's lics#
58	driver's licence#
59	driver's licences#
60	international driving pe
61	nz automobile associatio
62	new zealand automobile a
