00	CDLS
01	DLS#
02	CDL#
03	CDLS#
04	IDs#
05	ID number
06	ID numbers
07	LIC#
08	DriverLic
09	DriverLics
10	DriverLicense
11	DriverLicenses
12	Driver Lic
13	Driver Lics
14	Driver License
15	Driver Licenses
16	DriversLic
17	DriversLics
18	DriversLicense
19	DriversLicenses
20	Drivers Lic
21	Drivers Lics
22	Drivers License
23	Drivers Licenses
24	Driver'Lic
25	Driver'Lics
26	Driver'License
27	Driver'Licenses
28	Driver' Lic
29	Driver' Lics
30	Driver' License
31	Driver' Licenses
32	Driver'sLic
33	Driver'sLics
34	Driver'sLicense
35	Driver'sLicenses
36	Driver's Lic
37	Driver's Lics
38	Driver's License
39	Driver's Licenses
40	identification number
41	identification numbers
42	identification #
43	id card
44	id cards
45	identification card
46	identification cards
47	DriverLic#
48	DriverLics#
49	DriverLicense#
50	DriverLicenses#
51	Driver Lic#
52	Driver Lics#
53	Driver License#
54	Driver Licenses#
55	DriversLic#
56	DriversLics#
57	DriversLicense#
58	DriversLicenses#
59	Drivers Lic#
60	Drivers Lics#
61	Drivers License#
62	Drivers Licenses#
63	Driver'Lic#
64	Driver'Lics#
65	Driver'License#
66	Driver'Licenses#
67	Driver' Lic#
68	Driver' Lics#
69	Driver' License#
70	Driver' Licenses#
71	Driver'sLic#
72	Driver'sLics#
73	Driver'sLicense#
74	Driver'sLicenses#
75	Driver's Lic#
76	Driver's Lics#
77	Driver's License#
78	Driver's Licenses#
79	id card#
80	id cards#
81	identification card#
82	identification cards#
