00	international driving pe
01	australian automobile as
02	DriverLicence
03	DriverLicences
04	Driver Lic
05	Driver Licence
06	Driver Licences
07	DriversLic
08	DriversLicence
09	DriversLicences
10	Drivers Lic
11	Drivers Lics
12	Drivers Licence
13	Drivers Licences
14	Driver'Lic
15	Driver'Lics
16	Driver'Licence
17	Driver'Licences
18	Driver' Lic
19	Driver' Lics
20	Driver' Licence
21	Driver' Licences
22	Driver'sLic
23	Driver'sLics
24	Driver'sLicence
25	Driver'sLicences
26	Driver's Lic
27	Driver's Lics
28	Driver's Licence
29	Driver's Licences
30	DriverLic#
31	DriverLics#
32	DriverLicence#
33	DriverLicences#
34	Driver Lic#
35	Driver Lics#
36	Driver Licence#
37	Driver Licences#
38	DriversLic#
39	DriversLics#
40	DriversLicence#
41	DriversLicences#
42	Drivers Lic#
43	Drivers Lics#
44	Drivers Licence#
45	Drivers Licences#
46	Driver'Lic#
47	Driver'Lics#
48	Driver'Licence#
49	Driver'Licences#
50	Driver' Lic#
51	Driver' Lics#
52	Driver' Licence#
53	Driver' Licences#
54	Driver'sLic#
55	Driver'sLics#
56	Driver'sLicence#
57	Driver'sLicences#
58	Driver's Lic#
59	Driver's Lics#
60	Driver's Licence#
61	Driver's Licences#
