15000	1	data/samples/email/src/maildir/dasovich-j/all_documents/3512.
15000	1	data/samples/email/src/maildir/dasovich-j/notes_inbox/1704.
15000	1	data/samples/email/src/maildir/farmer-d/deleted_items/365.
15000	1	data/samples/email/src/maildir/whalley-l/all_documents/654.
15000	1	data/samples/email/src/maildir/whalley-l/discussion_threads/522.
15000	1	data/samples/email/src/maildir/whalley-l/notes_inbox/311.
14400	1	data/samples/email/src/maildir/dasovich-j/all_documents/2357.
14400	1	data/samples/email/src/maildir/dasovich-j/notes_inbox/950.
14400	1	data/samples/email/src/maildir/kaminski-v/_sent_mail/114.
14400	1	data/samples/email/src/maildir/kaminski-v/all_documents/288.
14400	1	data/samples/email/src/maildir/kaminski-v/discussion_threads/4036.
14400	1	data/samples/email/src/maildir/kaminski-v/sent/114.
14400	1	data/samples/email/src/maildir/kaminski-v/sent_items/656.
12600	1	data/samples/email/src/maildir/cash-m/deleted_items/316.
12400	1	data/samples/email/src/maildir/kitchen-l/_americas/gas/24.
12400	1	data/samples/email/src/maildir/rodrique-r/all_documents/283.
12400	1	data/samples/email/src/maildir/rodrique-r/discussion_threads/293.
12400	1	data/samples/email/src/maildir/rodrique-r/file/7.
11000	1	data/samples/email/src/maildir/beck-s/inbox/195.
11000	1	data/samples/email/src/maildir/beck-s/inbox/198.
11000	1	data/samples/email/src/maildir/beck-s/inbox/199.
11000	1	data/samples/email/src/maildir/donohoe-t/_sent_mail/6.
11000	1	data/samples/email/src/maildir/donohoe-t/all_documents/192.
11000	1	data/samples/email/src/maildir/donohoe-t/discussion_threads/2.
11000	1	data/samples/email/src/maildir/donohoe-t/sent/6.
11000	1	data/samples/email/src/maildir/fischer-m/all_documents/162.
11000	1	data/samples/email/src/maildir/fischer-m/notes_inbox/246.
11000	1	data/samples/email/src/maildir/germany-c/_sent_mail/877.
11000	1	data/samples/email/src/maildir/germany-c/all_documents/1001.
11000	1	data/samples/email/src/maildir/germany-c/bankrupt/35.
11000	1	data/samples/email/src/maildir/germany-c/sent/607.
11000	1	data/samples/email/src/maildir/germany-c/sent_items/559.
11000	1	data/samples/email/src/maildir/germany-c/sent_items/560.
11000	1	data/samples/email/src/maildir/germany-c/sent_items/572.
11000	1	data/samples/email/src/maildir/hodge-j/_sent_mail/4.
11000	1	data/samples/email/src/maildir/hodge-j/inbox/91.
11000	1	data/samples/email/src/maildir/hodge-j/sent_items/4.
11000	1	data/samples/email/src/maildir/jones-t/all_documents/9278.
11000	1	data/samples/email/src/maildir/jones-t/all_documents/9322.
11000	1	data/samples/email/src/maildir/jones-t/sent/5575.
11000	1	data/samples/email/src/maildir/jones-t/sent/5615.
11000	1	data/samples/email/src/maildir/kitchen-l/_americas/esvl/141.
11000	1	data/samples/email/src/maildir/kitchen-l/_americas/netco_canada/12.
11000	1	data/samples/email/src/maildir/kitchen-l/inbox/141.
11000	1	data/samples/email/src/maildir/kitchen-l/inbox/142.
11000	1	data/samples/email/src/maildir/kitchen-l/sent_items/437.
11000	1	data/samples/email/src/maildir/lokay-m/enron_t_s/175.
11000	1	data/samples/email/src/maildir/rodrique-r/_sent_mail/142.
11000	1	data/samples/email/src/maildir/rodrique-r/_sent_mail/660.
11000	1	data/samples/email/src/maildir/rodrique-r/all_documents/147.
11000	1	data/samples/email/src/maildir/rodrique-r/all_documents/726.
11000	1	data/samples/email/src/maildir/rodrique-r/discussion_threads/73.
11000	1	data/samples/email/src/maildir/rodrique-r/sent/142.
11000	1	data/samples/email/src/maildir/rodrique-r/sent/660.
11000	1	data/samples/email/src/maildir/smith-m/sent_items/146.
11000	1	data/samples/email/src/maildir/taylor-m/all_documents/3358.
11000	1	data/samples/email/src/maildir/taylor-m/all_documents/7678.
11000	1	data/samples/email/src/maildir/taylor-m/all_documents/949.
11000	1	data/samples/email/src/maildir/taylor-m/inbox/382.
11000	1	data/samples/email/src/maildir/taylor-m/inbox/social/61.
11000	1	data/samples/email/src/maildir/taylor-m/notes_inbox/1522.
11000	1	data/samples/email/src/maildir/taylor-m/notes_inbox/2513.
11000	1	data/samples/email/src/maildir/taylor-m/sent/673.
11000	1	data/samples/email/src/maildir/taylor-m/sent_items/569.
11000	1	data/samples/email/src/maildir/ward-k/sent_items/60.
10800	1	data/samples/email/src/maildir/horton-s/all_documents/141.
10800	1	data/samples/email/src/maildir/horton-s/discussion_threads/133.
10600	1	data/samples/email/src/maildir/bass-e/all_documents/456.
10600	1	data/samples/email/src/maildir/bass-e/all_documents/492.
10600	1	data/samples/email/src/maildir/bass-e/all_documents/643.
10600	1	data/samples/email/src/maildir/bass-e/discussion_threads/631.
10600	1	data/samples/email/src/maildir/bass-e/discussion_threads/782.
10600	1	data/samples/email/src/maildir/bass-e/discussion_threads/817.
10600	1	data/samples/email/src/maildir/bass-e/notes_inbox/384.
10600	1	data/samples/email/src/maildir/bass-e/notes_inbox/414.
10600	1	data/samples/email/src/maildir/bass-e/notes_inbox/542.
10600	1	data/samples/email/src/maildir/campbell-l/all_documents/1184.
10600	1	data/samples/email/src/maildir/campbell-l/discussion_threads/1060.
10600	1	data/samples/email/src/maildir/campbell-l/notes_inbox/116.
10600	1	data/samples/email/src/maildir/carson-m/deleted_items/366.
10600	1	data/samples/email/src/maildir/cuilla-m/all_documents/38.
10600	1	data/samples/email/src/maildir/cuilla-m/discussion_threads/139.
10600	1	data/samples/email/src/maildir/cuilla-m/notes_inbox/10.
10600	1	data/samples/email/src/maildir/dasovich-j/deleted_items/816.
10600	1	data/samples/email/src/maildir/dean-c/all_documents/117.
10600	1	data/samples/email/src/maildir/dean-c/all_documents/121.
10600	1	data/samples/email/src/maildir/dean-c/all_documents/122.
10600	1	data/samples/email/src/maildir/dean-c/all_documents/136.
10600	1	data/samples/email/src/maildir/dean-c/all_documents/141.
10600	1	data/samples/email/src/maildir/dean-c/all_documents/143.
10600	1	data/samples/email/src/maildir/dean-c/all_documents/144.
10600	1	data/samples/email/src/maildir/dean-c/all_documents/179.
10600	1	data/samples/email/src/maildir/dean-c/all_documents/186.
10600	1	data/samples/email/src/maildir/dean-c/all_documents/78.
10600	1	data/samples/email/src/maildir/dean-c/discussion_threads/117.
10600	1	data/samples/email/src/maildir/dean-c/discussion_threads/121.
10600	1	data/samples/email/src/maildir/dean-c/discussion_threads/122.
10600	1	data/samples/email/src/maildir/dean-c/discussion_threads/136.
10600	1	data/samples/email/src/maildir/dean-c/discussion_threads/140.
10600	1	data/samples/email/src/maildir/dean-c/discussion_threads/142.
10600	1	data/samples/email/src/maildir/dean-c/discussion_threads/143.
10600	1	data/samples/email/src/maildir/dean-c/discussion_threads/178.
10600	1	data/samples/email/src/maildir/dean-c/discussion_threads/185.
10600	1	data/samples/email/src/maildir/dean-c/discussion_threads/78.
10600	1	data/samples/email/src/maildir/dean-c/info/107.
10600	1	data/samples/email/src/maildir/dean-c/info/156.
10600	1	data/samples/email/src/maildir/dean-c/info/195.
10600	1	data/samples/email/src/maildir/dean-c/info/199.
10600	1	data/samples/email/src/maildir/dean-c/info/200.
10600	1	data/samples/email/src/maildir/dean-c/info/214.
10600	1	data/samples/email/src/maildir/dean-c/info/218.
10600	1	data/samples/email/src/maildir/dean-c/info/220.
10600	1	data/samples/email/src/maildir/dean-c/info/221.
10600	1	data/samples/email/src/maildir/dean-c/info/236.
10600	1	data/samples/email/src/maildir/dean-c/info/238.
10600	1	data/samples/email/src/maildir/dean-c/info/65.
10600	1	data/samples/email/src/maildir/dean-c/info/79.
10600	1	data/samples/email/src/maildir/dean-c/info/98.
10600	1	data/samples/email/src/maildir/donohoe-t/all_documents/19.
10600	1	data/samples/email/src/maildir/donohoe-t/discussion_threads/162.
10600	1	data/samples/email/src/maildir/donohoe-t/notes_inbox/19.
10600	1	data/samples/email/src/maildir/ermis-f/all_documents/20.
10600	1	data/samples/email/src/maildir/ermis-f/discussion_threads/166.
10600	1	data/samples/email/src/maildir/ermis-f/notes_inbox/20.
10600	1	data/samples/email/src/maildir/guzman-m/all_documents/1478.
10600	1	data/samples/email/src/maildir/guzman-m/all_documents/654.
10600	1	data/samples/email/src/maildir/guzman-m/discussion_threads/1279.
10600	1	data/samples/email/src/maildir/guzman-m/discussion_threads/478.
10600	1	data/samples/email/src/maildir/guzman-m/notes_inbox/1358.
10600	1	data/samples/email/src/maildir/guzman-m/notes_inbox/627.
10600	1	data/samples/email/src/maildir/kaminski-v/_sent_mail/4837.
10600	1	data/samples/email/src/maildir/kaminski-v/all_documents/11256.
10600	1	data/samples/email/src/maildir/kaminski-v/all_documents/11257.
10600	1	data/samples/email/src/maildir/kaminski-v/sent/4836.
10600	1	data/samples/email/src/maildir/kaminski-v/stanford/153.
10600	1	data/samples/email/src/maildir/kitchen-l/sent_items/27.
10600	1	data/samples/email/src/maildir/lenhart-m/deleted_items/169.
10600	1	data/samples/email/src/maildir/lewis-a/all_documents/130.
10600	1	data/samples/email/src/maildir/lewis-a/discussion_threads/40.
10600	1	data/samples/email/src/maildir/lewis-a/notes_inbox/122.
10600	1	data/samples/email/src/maildir/linder-e/all_documents/52.
10600	1	data/samples/email/src/maildir/linder-e/discussion_threads/52.
10600	1	data/samples/email/src/maildir/linder-e/notes_inbox/888.
10600	1	data/samples/email/src/maildir/lucci-p/deleted_items/277.
10600	1	data/samples/email/src/maildir/lucci-p/deleted_items/393.
10600	1	data/samples/email/src/maildir/mann-k/_sent_mail/2231.
10600	1	data/samples/email/src/maildir/mann-k/all_documents/2870.
10600	1	data/samples/email/src/maildir/mann-k/discussion_threads/2037.
10600	1	data/samples/email/src/maildir/mann-k/sent/2143.
10600	1	data/samples/email/src/maildir/merriss-s/all_documents/45.
10600	1	data/samples/email/src/maildir/merriss-s/discussion_threads/45.
10600	1	data/samples/email/src/maildir/merriss-s/notes_inbox/504.
10600	1	data/samples/email/src/maildir/neal-s/deleted_items/456.
10600	1	data/samples/email/src/maildir/rodrique-r/_sent_mail/475.
10600	1	data/samples/email/src/maildir/rodrique-r/all_documents/490.
10600	1	data/samples/email/src/maildir/rodrique-r/sent/475.
10600	1	data/samples/email/src/maildir/stepenovitch-j/deleted_items/125.
10600	1	data/samples/email/src/maildir/stokley-c/chris_stokley/volume_mang_/122.
10600	1	data/samples/email/src/maildir/symes-k/all_documents/2997.
10600	1	data/samples/email/src/maildir/symes-k/all_documents/699.
10600	1	data/samples/email/src/maildir/symes-k/corporate_comm/217.
10600	1	data/samples/email/src/maildir/symes-k/corporate_comm/65.
10600	1	data/samples/email/src/maildir/symes-k/discussion_threads/2873.
10600	1	data/samples/email/src/maildir/symes-k/discussion_threads/656.
10600	1	data/samples/email/src/maildir/taylor-m/all_documents/2683.
10600	1	data/samples/email/src/maildir/taylor-m/sent/1190.
10600	1	data/samples/email/src/maildir/wolfe-j/10_saved/48.
10600	1	data/samples/email/src/maildir/wolfe-j/inbox/139.
10600	1	data/samples/email/src/maildir/wolfe-j/inbox/173.
10600	1	data/samples/email/src/maildir/wolfe-j/inbox/273.
10600	1	data/samples/email/src/maildir/wolfe-j/inbox/275.
10600	1	data/samples/email/src/maildir/wolfe-j/sent_items/24.
10600	1	data/samples/email/src/maildir/wolfe-j/sent_items/83.
10400	1	data/samples/email/src/maildir/allen-p/_sent_mail/34.
10400	1	data/samples/email/src/maildir/allen-p/_sent_mail/379.
10400	1	data/samples/email/src/maildir/allen-p/all_documents/395.
10400	1	data/samples/email/src/maildir/allen-p/deleted_items/46.
10400	1	data/samples/email/src/maildir/allen-p/discussion_threads/525.
10400	1	data/samples/email/src/maildir/allen-p/sent/332.
10400	1	data/samples/email/src/maildir/allen-p/sent_items/69.
10400	1	data/samples/email/src/maildir/arnold-j/_sent_mail/61.
10400	1	data/samples/email/src/maildir/arnold-j/all_documents/246.
10400	1	data/samples/email/src/maildir/arnold-j/inbox/73.
10400	1	data/samples/email/src/maildir/arnold-j/sent/63.
10400	1	data/samples/email/src/maildir/arora-h/deleted_items/166.
10400	1	data/samples/email/src/maildir/arora-h/inbox/64.
10400	1	data/samples/email/src/maildir/badeer-r/inbox/1.
10400	1	data/samples/email/src/maildir/bass-e/_sent_mail/1332.
10400	1	data/samples/email/src/maildir/bass-e/all_documents/1918.
10400	1	data/samples/email/src/maildir/bass-e/discussion_threads/1721.
10400	1	data/samples/email/src/maildir/bass-e/sent/1234.
10400	1	data/samples/email/src/maildir/baughman-d/all_documents/228.
10400	1	data/samples/email/src/maildir/baughman-d/discussion_threads/225.
10400	1	data/samples/email/src/maildir/baughman-d/inbox/63.
10400	1	data/samples/email/src/maildir/baughman-d/power/24_hour/56.
10400	1	data/samples/email/src/maildir/beck-s/_sent_mail/776.
10400	1	data/samples/email/src/maildir/beck-s/all_documents/1321.
10400	1	data/samples/email/src/maildir/beck-s/all_documents/139.
10400	1	data/samples/email/src/maildir/beck-s/all_documents/2997.
10400	1	data/samples/email/src/maildir/beck-s/all_documents/407.
10400	1	data/samples/email/src/maildir/beck-s/all_documents/525.
10400	1	data/samples/email/src/maildir/beck-s/discussion_threads/124.
10400	1	data/samples/email/src/maildir/beck-s/discussion_threads/1779.
10400	1	data/samples/email/src/maildir/beck-s/discussion_threads/371.
10400	1	data/samples/email/src/maildir/beck-s/discussion_threads/4061.
10400	1	data/samples/email/src/maildir/beck-s/discussion_threads/477.
10400	1	data/samples/email/src/maildir/beck-s/europe/66.
10400	1	data/samples/email/src/maildir/beck-s/hedstrom__peggy/2.
10400	1	data/samples/email/src/maildir/beck-s/hedstrom__peggy/4.
10400	1	data/samples/email/src/maildir/beck-s/inbox/283.
10400	1	data/samples/email/src/maildir/beck-s/inbox/349.
10400	1	data/samples/email/src/maildir/beck-s/inbox/491.
10400	1	data/samples/email/src/maildir/beck-s/sent/783.
10400	1	data/samples/email/src/maildir/beck-s/sent_items/176.
10400	1	data/samples/email/src/maildir/beck-s/solmonson__mary/13.
10400	1	data/samples/email/src/maildir/blair-l/_sent_mail/7.
10400	1	data/samples/email/src/maildir/blair-l/deleted_items/_sent_mail/8.
10400	1	data/samples/email/src/maildir/blair-l/inbox/140.
10400	1	data/samples/email/src/maildir/blair-l/sent_items/453.
10400	1	data/samples/email/src/maildir/blair-l/sent_items/564.
10400	1	data/samples/email/src/maildir/blair-l/sent_items/758.
10400	1	data/samples/email/src/maildir/blair-l/sent_items/759.
10400	1	data/samples/email/src/maildir/blair-l/sent_items/760.
10400	1	data/samples/email/src/maildir/campbell-l/all_documents/1783.
10400	1	data/samples/email/src/maildir/campbell-l/all_documents/410.
10400	1	data/samples/email/src/maildir/campbell-l/all_documents/411.
10400	1	data/samples/email/src/maildir/campbell-l/all_documents/414.
10400	1	data/samples/email/src/maildir/campbell-l/all_documents/628.
10400	1	data/samples/email/src/maildir/campbell-l/all_documents/629.
10400	1	data/samples/email/src/maildir/campbell-l/discussion_threads/1615.
10400	1	data/samples/email/src/maildir/campbell-l/discussion_threads/338.
10400	1	data/samples/email/src/maildir/campbell-l/discussion_threads/341.
10400	1	data/samples/email/src/maildir/campbell-l/discussion_threads/538.
10400	1	data/samples/email/src/maildir/campbell-l/discussion_threads/539.
10400	1	data/samples/email/src/maildir/campbell-l/notes_inbox/11.
10400	1	data/samples/email/src/maildir/campbell-l/notes_inbox/12.
10400	1	data/samples/email/src/maildir/campbell-l/notes_inbox/567.
10400	1	data/samples/email/src/maildir/campbell-l/sent/134.
10400	1	data/samples/email/src/maildir/campbell-l/sent/135.
10400	1	data/samples/email/src/maildir/carson-m/inbox/53.
10400	1	data/samples/email/src/maildir/cash-m/outlook_migration/1.
10400	1	data/samples/email/src/maildir/corman-s/inbox/archives/19.
10400	1	data/samples/email/src/maildir/crandell-s/inbox/103.
10400	1	data/samples/email/src/maildir/dasovich-j/all_documents/10641.
10400	1	data/samples/email/src/maildir/dasovich-j/all_documents/10683.
10400	1	data/samples/email/src/maildir/dasovich-j/all_documents/1159.
10400	1	data/samples/email/src/maildir/dasovich-j/all_documents/1162.
10400	1	data/samples/email/src/maildir/dasovich-j/all_documents/1186.
10400	1	data/samples/email/src/maildir/dasovich-j/all_documents/1199.
10400	1	data/samples/email/src/maildir/dasovich-j/all_documents/12779.
10400	1	data/samples/email/src/maildir/dasovich-j/all_documents/2113.
10400	1	data/samples/email/src/maildir/dasovich-j/all_documents/2329.
10400	1	data/samples/email/src/maildir/dasovich-j/all_documents/2330.
10400	1	data/samples/email/src/maildir/dasovich-j/all_documents/28025.
10400	1	data/samples/email/src/maildir/dasovich-j/all_documents/29129.
10400	1	data/samples/email/src/maildir/dasovich-j/all_documents/29157.
10400	1	data/samples/email/src/maildir/dasovich-j/all_documents/2993.
10400	1	data/samples/email/src/maildir/dasovich-j/all_documents/3413.
10400	1	data/samples/email/src/maildir/dasovich-j/all_documents/4141.
10400	1	data/samples/email/src/maildir/dasovich-j/all_documents/9568.
10400	1	data/samples/email/src/maildir/dasovich-j/deleted_items/261.
10400	1	data/samples/email/src/maildir/dasovich-j/deleted_items/442.
10400	1	data/samples/email/src/maildir/dasovich-j/deleted_items/815.
10400	1	data/samples/email/src/maildir/dasovich-j/deleted_items/818.
10400	1	data/samples/email/src/maildir/dasovich-j/inbox/1047.
10400	1	data/samples/email/src/maildir/dasovich-j/notes_inbox/11645.
10400	1	data/samples/email/src/maildir/dasovich-j/notes_inbox/11662.
10400	1	data/samples/email/src/maildir/dasovich-j/notes_inbox/12395.
10400	1	data/samples/email/src/maildir/dasovich-j/notes_inbox/1400.
10400	1	data/samples/email/src/maildir/dasovich-j/notes_inbox/1644.
10400	1	data/samples/email/src/maildir/dasovich-j/notes_inbox/2132.
10400	1	data/samples/email/src/maildir/dasovich-j/notes_inbox/255.
10400	1	data/samples/email/src/maildir/dasovich-j/notes_inbox/265.
10400	1	data/samples/email/src/maildir/dasovich-j/notes_inbox/275.
10400	1	data/samples/email/src/maildir/dasovich-j/notes_inbox/3155.
10400	1	data/samples/email/src/maildir/dasovich-j/notes_inbox/4546.
10400	1	data/samples/email/src/maildir/dasovich-j/notes_inbox/4568.
10400	1	data/samples/email/src/maildir/dasovich-j/notes_inbox/5134.
10400	1	data/samples/email/src/maildir/dasovich-j/notes_inbox/849.
10400	1	data/samples/email/src/maildir/dasovich-j/notes_inbox/939.
10400	1	data/samples/email/src/maildir/dasovich-j/notes_inbox/940.
10400	1	data/samples/email/src/maildir/dasovich-j/sent/187.
10400	1	data/samples/email/src/maildir/dasovich-j/sent_items/2073.
10400	1	data/samples/email/src/maildir/dasovich-j/sent_items/2075.
10400	1	data/samples/email/src/maildir/derrick-j/all_documents/71.
10400	1	data/samples/email/src/maildir/derrick-j/discussion_threads/63.
10400	1	data/samples/email/src/maildir/derrick-j/inbox/223.
10400	1	data/samples/email/src/maildir/derrick-j/notes_inbox/54.
10400	1	data/samples/email/src/maildir/donoho-l/deleted_items/63.
10400	1	data/samples/email/src/maildir/ermis-f/all_documents/7.
10400	1	data/samples/email/src/maildir/ermis-f/discussion_threads/179.
10400	1	data/samples/email/src/maildir/ermis-f/inbox/182.
10400	1	data/samples/email/src/maildir/ermis-f/notes_inbox/7.
10400	1	data/samples/email/src/maildir/farmer-d/_sent_mail/601.
10400	1	data/samples/email/src/maildir/farmer-d/all_documents/2576.
10400	1	data/samples/email/src/maildir/farmer-d/all_documents/2581.
10400	1	data/samples/email/src/maildir/farmer-d/discussion_threads/449.
10400	1	data/samples/email/src/maildir/farmer-d/discussion_threads/450.
10400	1	data/samples/email/src/maildir/farmer-d/logistics/792.
10400	1	data/samples/email/src/maildir/farmer-d/sent/439.
10400	1	data/samples/email/src/maildir/forney-j/inbox/57.
10400	1	data/samples/email/src/maildir/fossum-d/_sent_mail/926.
10400	1	data/samples/email/src/maildir/fossum-d/all_documents/1440.
10400	1	data/samples/email/src/maildir/fossum-d/discussion_threads/1015.
10400	1	data/samples/email/src/maildir/fossum-d/sent/999.
10400	1	data/samples/email/src/maildir/gay-r/deleted_items/9.
10400	1	data/samples/email/src/maildir/germany-c/all_documents/2886.
10400	1	data/samples/email/src/maildir/germany-c/bankrupt/transport/columbia_gas_gulf/14.
10400	1	data/samples/email/src/maildir/germany-c/memos/28.
10400	1	data/samples/email/src/maildir/germany-c/sent/1836.
10400	1	data/samples/email/src/maildir/germany-c/sent_items/1342.
10400	1	data/samples/email/src/maildir/germany-c/sent_items/28.
10400	1	data/samples/email/src/maildir/germany-c/sent_items/684.
10400	1	data/samples/email/src/maildir/germany-c/sent_items/720.
10400	1	data/samples/email/src/maildir/germany-c/sent_items/721.
10400	1	data/samples/email/src/maildir/germany-c/sent_items/887.
10400	1	data/samples/email/src/maildir/giron-d/all_documents/1.
10400	1	data/samples/email/src/maildir/giron-d/deleted_items/35.
10400	1	data/samples/email/src/maildir/giron-d/deleted_items/36.
10400	1	data/samples/email/src/maildir/giron-d/discussion_threads/1.
10400	1	data/samples/email/src/maildir/giron-d/inbox/147.
10400	1	data/samples/email/src/maildir/giron-d/inbox/45.
10400	1	data/samples/email/src/maildir/giron-d/old/3.
10400	1	data/samples/email/src/maildir/griffith-j/all_documents/227.
10400	1	data/samples/email/src/maildir/griffith-j/discussion_threads/209.
10400	1	data/samples/email/src/maildir/griffith-j/ebay/6.
10400	1	data/samples/email/src/maildir/grigsby-m/sent_items/105.
10400	1	data/samples/email/src/maildir/guzman-m/all_documents/1254.
10400	1	data/samples/email/src/maildir/guzman-m/all_documents/1257.
10400	1	data/samples/email/src/maildir/guzman-m/all_documents/1339.
10400	1	data/samples/email/src/maildir/guzman-m/discussion_threads/694.
10400	1	data/samples/email/src/maildir/guzman-m/discussion_threads/697.
10400	1	data/samples/email/src/maildir/guzman-m/notes_inbox/1168.
10400	1	data/samples/email/src/maildir/guzman-m/notes_inbox/1171.
10400	1	data/samples/email/src/maildir/guzman-m/notes_inbox/1236.
10400	1	data/samples/email/src/maildir/haedicke-m/all_documents/1322.
10400	1	data/samples/email/src/maildir/haedicke-m/all_documents/5211.
10400	1	data/samples/email/src/maildir/haedicke-m/all_documents/664.
10400	1	data/samples/email/src/maildir/haedicke-m/all_documents/678.
10400	1	data/samples/email/src/maildir/haedicke-m/inbox/198.
10400	1	data/samples/email/src/maildir/haedicke-m/inbox/237.
10400	1	data/samples/email/src/maildir/haedicke-m/notes_inbox/1019.
10400	1	data/samples/email/src/maildir/haedicke-m/sent/577.
10400	1	data/samples/email/src/maildir/haedicke-m/sent/589.
10400	1	data/samples/email/src/maildir/haedicke-m/sent/981.
10400	1	data/samples/email/src/maildir/hain-m/all_documents/49.
10400	1	data/samples/email/src/maildir/hain-m/discussion_threads/1191.
10400	1	data/samples/email/src/maildir/hain-m/notes_inbox/49.
10400	1	data/samples/email/src/maildir/hayslett-r/all_documents/134.
10400	1	data/samples/email/src/maildir/hayslett-r/discussion_threads/124.
10400	1	data/samples/email/src/maildir/hayslett-r/sent_items/103.
10400	1	data/samples/email/src/maildir/heard-m/inbox/master_netting/232.
10400	1	data/samples/email/src/maildir/hyatt-k/personal/4.
10400	1	data/samples/email/src/maildir/jones-t/all_documents/10218.
10400	1	data/samples/email/src/maildir/jones-t/all_documents/11309.
10400	1	data/samples/email/src/maildir/jones-t/all_documents/4567.
10400	1	data/samples/email/src/maildir/jones-t/all_documents/4622.
10400	1	data/samples/email/src/maildir/jones-t/all_documents/5183.
10400	1	data/samples/email/src/maildir/jones-t/all_documents/788.
10400	1	data/samples/email/src/maildir/jones-t/all_documents/9330.
10400	1	data/samples/email/src/maildir/jones-t/all_documents/9508.
10400	1	data/samples/email/src/maildir/jones-t/inbox/930.
10400	1	data/samples/email/src/maildir/jones-t/notes_inbox/2132.
10400	1	data/samples/email/src/maildir/jones-t/notes_inbox/2505.
10400	1	data/samples/email/src/maildir/jones-t/notes_inbox/3106.
10400	1	data/samples/email/src/maildir/jones-t/notes_inbox/3595.
10400	1	data/samples/email/src/maildir/jones-t/notes_inbox/4349.
10400	1	data/samples/email/src/maildir/jones-t/sent/2170.
10400	1	data/samples/email/src/maildir/jones-t/sent/5622.
10400	1	data/samples/email/src/maildir/jones-t/sent/713.
10400	1	data/samples/email/src/maildir/kaminski-v/_sent_mail/3950.
10400	1	data/samples/email/src/maildir/kaminski-v/_sent_mail/3974.
10400	1	data/samples/email/src/maildir/kaminski-v/_sent_mail/3981.
10400	1	data/samples/email/src/maildir/kaminski-v/_sent_mail/574.
10400	1	data/samples/email/src/maildir/kaminski-v/all_documents/1085.
10400	1	data/samples/email/src/maildir/kaminski-v/all_documents/1275.
10400	1	data/samples/email/src/maildir/kaminski-v/all_documents/1279.
10400	1	data/samples/email/src/maildir/kaminski-v/all_documents/1789.
10400	1	data/samples/email/src/maildir/kaminski-v/all_documents/3699.
10400	1	data/samples/email/src/maildir/kaminski-v/all_documents/619.
10400	1	data/samples/email/src/maildir/kaminski-v/all_documents/842.
10400	1	data/samples/email/src/maildir/kaminski-v/all_documents/9136.
10400	1	data/samples/email/src/maildir/kaminski-v/all_documents/9207.
10400	1	data/samples/email/src/maildir/kaminski-v/all_documents/9219.
10400	1	data/samples/email/src/maildir/kaminski-v/all_documents/9234.
10400	1	data/samples/email/src/maildir/kaminski-v/c/mangmt/ene_ect/61.
10400	1	data/samples/email/src/maildir/kaminski-v/c/mangmt/group/management/633.
10400	1	data/samples/email/src/maildir/kaminski-v/c/mangmt/group/software/management/15.
10400	1	data/samples/email/src/maildir/kaminski-v/c/mangmt/group/software/management/56.
10400	1	data/samples/email/src/maildir/kaminski-v/c/mangmt/group/software/management/77.
10400	1	data/samples/email/src/maildir/kaminski-v/c/mangmt/group/software/management/78.
10400	1	data/samples/email/src/maildir/kaminski-v/c/mangmt/group/software/management/92.
10400	1	data/samples/email/src/maildir/kaminski-v/deleted_items/1384.
10400	1	data/samples/email/src/maildir/kaminski-v/deleted_items/743.
10400	1	data/samples/email/src/maildir/kaminski-v/discussion_threads/1477.
10400	1	data/samples/email/src/maildir/kaminski-v/discussion_threads/2848.
10400	1	data/samples/email/src/maildir/kaminski-v/discussion_threads/3244.
10400	1	data/samples/email/src/maildir/kaminski-v/discussion_threads/3246.
10400	1	data/samples/email/src/maildir/kaminski-v/discussion_threads/3412.
10400	1	data/samples/email/src/maildir/kaminski-v/discussion_threads/3607.
10400	1	data/samples/email/src/maildir/kaminski-v/discussion_threads/3780.
10400	1	data/samples/email/src/maildir/kaminski-v/discussion_threads/5635.
10400	1	data/samples/email/src/maildir/kaminski-v/discussion_threads/5646.
10400	1	data/samples/email/src/maildir/kaminski-v/discussion_threads/5651.
10400	1	data/samples/email/src/maildir/kaminski-v/london/52.
10400	1	data/samples/email/src/maildir/kaminski-v/rice/170.
10400	1	data/samples/email/src/maildir/kaminski-v/sent/3949.
10400	1	data/samples/email/src/maildir/kaminski-v/sent/3973.
10400	1	data/samples/email/src/maildir/kaminski-v/sent/3980.
10400	1	data/samples/email/src/maildir/kaminski-v/sent/574.
10400	1	data/samples/email/src/maildir/kaminski-v/sent_items/1212.
10400	1	data/samples/email/src/maildir/kaminski-v/sent_items/2640.
10400	1	data/samples/email/src/maildir/kaminski-v/stanford/94.
10400	1	data/samples/email/src/maildir/kaminski-v/stanford/96.
10400	1	data/samples/email/src/maildir/kean-s/all_documents/1459.
10400	1	data/samples/email/src/maildir/kean-s/all_documents/1711.
10400	1	data/samples/email/src/maildir/kean-s/all_documents/184.
10400	1	data/samples/email/src/maildir/kean-s/all_documents/472.
10400	1	data/samples/email/src/maildir/kean-s/all_documents/5084.
10400	1	data/samples/email/src/maildir/kean-s/all_documents/5309.
10400	1	data/samples/email/src/maildir/kean-s/all_documents/5318.
10400	1	data/samples/email/src/maildir/kean-s/all_documents/5321.
10400	1	data/samples/email/src/maildir/kean-s/all_documents/5322.
10400	1	data/samples/email/src/maildir/kean-s/all_documents/5690.
10400	1	data/samples/email/src/maildir/kean-s/all_documents/8924.
10400	1	data/samples/email/src/maildir/kean-s/archiving/untitled/1855.
10400	1	data/samples/email/src/maildir/kean-s/archiving/untitled/2142.
10400	1	data/samples/email/src/maildir/kean-s/archiving/untitled/5083.
10400	1	data/samples/email/src/maildir/kean-s/archiving/untitled/5308.
10400	1	data/samples/email/src/maildir/kean-s/archiving/untitled/5317.
10400	1	data/samples/email/src/maildir/kean-s/archiving/untitled/5320.
10400	1	data/samples/email/src/maildir/kean-s/archiving/untitled/5321.
10400	1	data/samples/email/src/maildir/kean-s/archiving/untitled/5689.
10400	1	data/samples/email/src/maildir/kean-s/archiving/untitled/616.
10400	1	data/samples/email/src/maildir/kean-s/archiving/untitled/868.
10400	1	data/samples/email/src/maildir/kean-s/archiving/untitled/8924.
10400	1	data/samples/email/src/maildir/kean-s/attachments/1448.
10400	1	data/samples/email/src/maildir/kean-s/attachments/1585.
10400	1	data/samples/email/src/maildir/kean-s/attachments/1591.
10400	1	data/samples/email/src/maildir/kean-s/attachments/1836.
10400	1	data/samples/email/src/maildir/kean-s/bush/5.
10400	1	data/samples/email/src/maildir/kean-s/bush/6.
10400	1	data/samples/email/src/maildir/kean-s/calendar/untitled/12850.
10400	1	data/samples/email/src/maildir/kean-s/calendar/untitled/1460.
10400	1	data/samples/email/src/maildir/kean-s/calendar/untitled/1712.
10400	1	data/samples/email/src/maildir/kean-s/calendar/untitled/184.
10400	1	data/samples/email/src/maildir/kean-s/calendar/untitled/472.
10400	1	data/samples/email/src/maildir/kean-s/calendar/untitled/7674.
10400	1	data/samples/email/src/maildir/kean-s/calendar/untitled/8042.
10400	1	data/samples/email/src/maildir/kean-s/calendar/untitled/8043.
10400	1	data/samples/email/src/maildir/kean-s/calendar/untitled/8046.
10400	1	data/samples/email/src/maildir/kean-s/calendar/untitled/8055.
10400	1	data/samples/email/src/maildir/kean-s/calendar/untitled/8280.
10400	1	data/samples/email/src/maildir/kean-s/california/210.
10400	1	data/samples/email/src/maildir/kean-s/california/335.
10400	1	data/samples/email/src/maildir/kean-s/deleted_items/444.
10400	1	data/samples/email/src/maildir/kean-s/discussion_threads/1247.
10400	1	data/samples/email/src/maildir/kean-s/discussion_threads/1458.
10400	1	data/samples/email/src/maildir/kean-s/discussion_threads/176.
10400	1	data/samples/email/src/maildir/kean-s/discussion_threads/2609.
10400	1	data/samples/email/src/maildir/kean-s/discussion_threads/3118.
10400	1	data/samples/email/src/maildir/kean-s/discussion_threads/428.
10400	1	data/samples/email/src/maildir/kean-s/discussion_threads/6446.
10400	1	data/samples/email/src/maildir/kean-s/discussion_threads/7080.
10400	1	data/samples/email/src/maildir/kean-s/environmental_issues/3.
10400	1	data/samples/email/src/maildir/kean-s/environmental_issues/9.
10400	1	data/samples/email/src/maildir/kean-s/ferc/178.
10400	1	data/samples/email/src/maildir/kean-s/inbox/73.
10400	1	data/samples/email/src/maildir/kean-s/india/57.
10400	1	data/samples/email/src/maildir/kean-s/internet_sites/111.
10400	1	data/samples/email/src/maildir/kean-s/internet_sites/52.
10400	1	data/samples/email/src/maildir/kean-s/internet_sites/99.
10400	1	data/samples/email/src/maildir/kean-s/security/2.
10400	1	data/samples/email/src/maildir/kean-s/wto/17.
10400	1	data/samples/email/src/maildir/keavey-p/inbox/517.
10400	1	data/samples/email/src/maildir/keiser-k/deleted_items/308.
10400	1	data/samples/email/src/maildir/keiser-k/inbox/116.
10400	1	data/samples/email/src/maildir/keiser-k/inbox/118.
10400	1	data/samples/email/src/maildir/keiser-k/inbox/120.
10400	1	data/samples/email/src/maildir/keiser-k/inbox/265.
10400	1	data/samples/email/src/maildir/keiser-k/inbox/29.
10400	1	data/samples/email/src/maildir/keiser-k/inbox/84.
10400	1	data/samples/email/src/maildir/keiser-k/sent_items/255.
10400	1	data/samples/email/src/maildir/keiser-k/to_do/16.
10400	1	data/samples/email/src/maildir/kitchen-l/_americas/mrha/ooc/296.
10400	1	data/samples/email/src/maildir/kitchen-l/_americas/netco_eol/90.
10400	1	data/samples/email/src/maildir/kitchen-l/_americas/portland/14.
10400	1	data/samples/email/src/maildir/kitchen-l/inbox/86.
10400	1	data/samples/email/src/maildir/kitchen-l/sent_items/132.
10400	1	data/samples/email/src/maildir/kitchen-l/sent_items/387.
10400	1	data/samples/email/src/maildir/kuykendall-t/all_documents/19.
10400	1	data/samples/email/src/maildir/kuykendall-t/discussion_threads/40.
10400	1	data/samples/email/src/maildir/kuykendall-t/notes_inbox/11.
10400	1	data/samples/email/src/maildir/lay-k/inbox/426.
10400	1	data/samples/email/src/maildir/lay-k/inbox/499.
10400	1	data/samples/email/src/maildir/lay-k/inbox/627.
10400	1	data/samples/email/src/maildir/lay-k/inbox/779.
10400	1	data/samples/email/src/maildir/lenhart-m/sent_items/482.
10400	1	data/samples/email/src/maildir/lenhart-m/sent_items/483.
10400	1	data/samples/email/src/maildir/lenhart-m/sent_items/484.
10400	1	data/samples/email/src/maildir/linder-e/all_documents/13.
10400	1	data/samples/email/src/maildir/linder-e/discussion_threads/13.
10400	1	data/samples/email/src/maildir/linder-e/notes_inbox/927.
10400	1	data/samples/email/src/maildir/lokay-m/all_documents/2176.
10400	1	data/samples/email/src/maildir/lokay-m/all_documents/333.
10400	1	data/samples/email/src/maildir/lokay-m/all_documents/60.
10400	1	data/samples/email/src/maildir/lokay-m/corporate/84.
10400	1	data/samples/email/src/maildir/lokay-m/discussion_threads/314.
10400	1	data/samples/email/src/maildir/lokay-m/discussion_threads/57.
10400	1	data/samples/email/src/maildir/lokay-m/systems/148.
10400	1	data/samples/email/src/maildir/lokay-m/systems/15.
10400	1	data/samples/email/src/maildir/lokey-t/inbox/648.
10400	1	data/samples/email/src/maildir/lokey-t/inbox/661.
10400	1	data/samples/email/src/maildir/lokey-t/inbox/686.
10400	1	data/samples/email/src/maildir/love-p/_sent_mail/321.
10400	1	data/samples/email/src/maildir/love-p/all_documents/405.
10400	1	data/samples/email/src/maildir/love-p/deleted_items/35.
10400	1	data/samples/email/src/maildir/love-p/discussion_threads/101.
10400	1	data/samples/email/src/maildir/love-p/inbox/68.
10400	1	data/samples/email/src/maildir/love-p/sent/321.
10400	1	data/samples/email/src/maildir/love-p/sent_items/131.
10400	1	data/samples/email/src/maildir/love-p/sent_items/210.
10400	1	data/samples/email/src/maildir/love-p/sent_items/299.
10400	1	data/samples/email/src/maildir/love-p/sent_items/317.
10400	1	data/samples/email/src/maildir/love-p/sent_items/34.
10400	1	data/samples/email/src/maildir/maggi-m/deleted_items/34.
10400	1	data/samples/email/src/maildir/mann-k/_sent_mail/1228.
10400	1	data/samples/email/src/maildir/mann-k/_sent_mail/1233.
10400	1	data/samples/email/src/maildir/mann-k/_sent_mail/1235.
10400	1	data/samples/email/src/maildir/mann-k/_sent_mail/421.
10400	1	data/samples/email/src/maildir/mann-k/_sent_mail/423.
10400	1	data/samples/email/src/maildir/mann-k/all_documents/2823.
10400	1	data/samples/email/src/maildir/mann-k/all_documents/4164.
10400	1	data/samples/email/src/maildir/mann-k/all_documents/4167.
10400	1	data/samples/email/src/maildir/mann-k/all_documents/4169.
10400	1	data/samples/email/src/maildir/mann-k/all_documents/4177.
10400	1	data/samples/email/src/maildir/mann-k/all_documents/5461.
10400	1	data/samples/email/src/maildir/mann-k/all_documents/5463.
10400	1	data/samples/email/src/maildir/mann-k/discussion_threads/2001.
10400	1	data/samples/email/src/maildir/mann-k/discussion_threads/2905.
10400	1	data/samples/email/src/maildir/mann-k/discussion_threads/2908.
10400	1	data/samples/email/src/maildir/mann-k/discussion_threads/3869.
10400	1	data/samples/email/src/maildir/mann-k/general_stuff/110.
10400	1	data/samples/email/src/maildir/mann-k/inbox/276.
10400	1	data/samples/email/src/maildir/mann-k/inbox/4.
10400	1	data/samples/email/src/maildir/mann-k/off_balance_sheet_form_contracts/43.
10400	1	data/samples/email/src/maildir/mann-k/sent/3170.
10400	1	data/samples/email/src/maildir/mann-k/sent/3172.
10400	1	data/samples/email/src/maildir/mann-k/sent/3177.
10400	1	data/samples/email/src/maildir/mann-k/sent/4009.
10400	1	data/samples/email/src/maildir/mann-k/sent/4011.
10400	1	data/samples/email/src/maildir/martin-t/inbox/412.
10400	1	data/samples/email/src/maildir/may-l/inbox/1133.
10400	1	data/samples/email/src/maildir/mckay-j/deleted_items/77.
10400	1	data/samples/email/src/maildir/mclaughlin-e/all_documents/186.
10400	1	data/samples/email/src/maildir/mclaughlin-e/all_documents/189.
10400	1	data/samples/email/src/maildir/mclaughlin-e/all_documents/198.
10400	1	data/samples/email/src/maildir/mclaughlin-e/all_documents/241.
10400	1	data/samples/email/src/maildir/mclaughlin-e/all_documents/46.
10400	1	data/samples/email/src/maildir/mclaughlin-e/discussion_threads/171.
10400	1	data/samples/email/src/maildir/mclaughlin-e/discussion_threads/172.
10400	1	data/samples/email/src/maildir/mclaughlin-e/discussion_threads/183.
10400	1	data/samples/email/src/maildir/mclaughlin-e/discussion_threads/223.
10400	1	data/samples/email/src/maildir/mclaughlin-e/discussion_threads/44.
10400	1	data/samples/email/src/maildir/mclaughlin-e/eol___tagg/1.
10400	1	data/samples/email/src/maildir/mclaughlin-e/eol___tagg/30.
10400	1	data/samples/email/src/maildir/mclaughlin-e/eol___tagg/31.
10400	1	data/samples/email/src/maildir/mclaughlin-e/eol___tagg/37.
10400	1	data/samples/email/src/maildir/mclaughlin-e/gossett/22.
10400	1	data/samples/email/src/maildir/mclaughlin-e/gossett/24.
10400	1	data/samples/email/src/maildir/mclaughlin-e/inbox/114.
10400	1	data/samples/email/src/maildir/mclaughlin-e/inbox/16.
10400	1	data/samples/email/src/maildir/mclaughlin-e/inbox/163.
10400	1	data/samples/email/src/maildir/mclaughlin-e/inbox/18.
10400	1	data/samples/email/src/maildir/mclaughlin-e/inbox/19.
10400	1	data/samples/email/src/maildir/mclaughlin-e/inbox/26.
10400	1	data/samples/email/src/maildir/mclaughlin-e/inbox/27.
10400	1	data/samples/email/src/maildir/mclaughlin-e/inbox/28.
10400	1	data/samples/email/src/maildir/mclaughlin-e/inbox/41.
10400	1	data/samples/email/src/maildir/mclaughlin-e/inbox/42.
10400	1	data/samples/email/src/maildir/mclaughlin-e/inbox/43.
10400	1	data/samples/email/src/maildir/mclaughlin-e/inbox/61.
10400	1	data/samples/email/src/maildir/mclaughlin-e/inbox/64.
10400	1	data/samples/email/src/maildir/mclaughlin-e/private_folders/corp_info_announcements/50.
10400	1	data/samples/email/src/maildir/merriss-s/all_documents/12.
10400	1	data/samples/email/src/maildir/merriss-s/discussion_threads/12.
10400	1	data/samples/email/src/maildir/merriss-s/notes_inbox/537.
10400	1	data/samples/email/src/maildir/mims-thurston-p/_sent_mail/23.
10400	1	data/samples/email/src/maildir/mims-thurston-p/sent_items/31.
10400	1	data/samples/email/src/maildir/motley-m/inbox/48.
10400	1	data/samples/email/src/maildir/motley-m/inbox/60.
10400	1	data/samples/email/src/maildir/nemec-g/all_documents/260.
10400	1	data/samples/email/src/maildir/nemec-g/all_documents/5407.
10400	1	data/samples/email/src/maildir/nemec-g/inbox/1647.
10400	1	data/samples/email/src/maildir/nemec-g/inbox/1686.
10400	1	data/samples/email/src/maildir/nemec-g/notes_inbox/1882.
10400	1	data/samples/email/src/maildir/nemec-g/sent/255.
10400	1	data/samples/email/src/maildir/panus-s/inbox/22.
10400	1	data/samples/email/src/maildir/parks-j/inbox/441.
10400	1	data/samples/email/src/maildir/presto-k/sent_items/488.
10400	1	data/samples/email/src/maildir/quigley-d/inbox/22.
10400	1	data/samples/email/src/maildir/quigley-d/sent_items/523.
10400	1	data/samples/email/src/maildir/rapp-b/inbox/392.
10400	1	data/samples/email/src/maildir/richey-c/inbox/37.
10400	1	data/samples/email/src/maildir/richey-c/inbox/38.
10400	1	data/samples/email/src/maildir/richey-c/inbox/39.
10400	1	data/samples/email/src/maildir/rodrique-r/_sent_mail/476.
10400	1	data/samples/email/src/maildir/rodrique-r/_sent_mail/639.
10400	1	data/samples/email/src/maildir/rodrique-r/_sent_mail/99.
10400	1	data/samples/email/src/maildir/rodrique-r/all_documents/103.
10400	1	data/samples/email/src/maildir/rodrique-r/all_documents/491.
10400	1	data/samples/email/src/maildir/rodrique-r/all_documents/688.
10400	1	data/samples/email/src/maildir/rodrique-r/discussion_threads/102.
10400	1	data/samples/email/src/maildir/rodrique-r/discussion_threads/202.
10400	1	data/samples/email/src/maildir/rodrique-r/discussion_threads/376.
10400	1	data/samples/email/src/maildir/rodrique-r/sent/476.
10400	1	data/samples/email/src/maildir/rodrique-r/sent/639.
10400	1	data/samples/email/src/maildir/rodrique-r/sent/99.
10400	1	data/samples/email/src/maildir/rogers-b/all_documents/606.
10400	1	data/samples/email/src/maildir/rogers-b/discussion_threads/1360.
10400	1	data/samples/email/src/maildir/rogers-b/motley_fool_e_mails/162.
10400	1	data/samples/email/src/maildir/ruscitti-k/inbox/19.
10400	1	data/samples/email/src/maildir/sager-e/all_documents/653.
10400	1	data/samples/email/src/maildir/sager-e/all_documents/674.
10400	1	data/samples/email/src/maildir/sager-e/all_documents/675.
10400	1	data/samples/email/src/maildir/sager-e/all_documents/676.
10400	1	data/samples/email/src/maildir/sager-e/elizabeth_sager/16.
10400	1	data/samples/email/src/maildir/sager-e/inbox/242.
10400	1	data/samples/email/src/maildir/sager-e/inbox/398.
10400	1	data/samples/email/src/maildir/sager-e/inbox/834.
10400	1	data/samples/email/src/maildir/sager-e/notes_inbox/226.
10400	1	data/samples/email/src/maildir/sager-e/notes_inbox/784.
10400	1	data/samples/email/src/maildir/sager-e/notes_inbox/796.
10400	1	data/samples/email/src/maildir/sager-e/sent/595.
10400	1	data/samples/email/src/maildir/sanders-r/all_documents/1418.
10400	1	data/samples/email/src/maildir/sanders-r/all_documents/1429.
10400	1	data/samples/email/src/maildir/sanders-r/all_documents/1430.
10400	1	data/samples/email/src/maildir/sanders-r/all_documents/283.
10400	1	data/samples/email/src/maildir/sanders-r/iso__pricecaps/219.
10400	1	data/samples/email/src/maildir/sanders-r/sent/186.
10400	1	data/samples/email/src/maildir/sanders-r/sent/755.
10400	1	data/samples/email/src/maildir/sanders-r/sent/756.
10400	1	data/samples/email/src/maildir/sanders-r/sent_items/111.
10400	1	data/samples/email/src/maildir/scholtes-d/travel/1.
10400	1	data/samples/email/src/maildir/schoolcraft-d/deleted_items/621.
10400	1	data/samples/email/src/maildir/schoolcraft-d/sent_items/471.
10400	1	data/samples/email/src/maildir/schwieger-j/all_documents/43.
10400	1	data/samples/email/src/maildir/schwieger-j/bammel_stg/14.
10400	1	data/samples/email/src/maildir/schwieger-j/discussion_threads/40.
10400	1	data/samples/email/src/maildir/scott-s/_sent_mail/538.
10400	1	data/samples/email/src/maildir/scott-s/all_documents/1221.
10400	1	data/samples/email/src/maildir/scott-s/all_documents/1363.
10400	1	data/samples/email/src/maildir/scott-s/discussion_threads/1282.
10400	1	data/samples/email/src/maildir/scott-s/notes_inbox/394.
10400	1	data/samples/email/src/maildir/scott-s/sent/575.
10400	1	data/samples/email/src/maildir/semperger-c/deleted_items/8.
10400	1	data/samples/email/src/maildir/semperger-c/sent_items/138.
10400	1	data/samples/email/src/maildir/semperger-c/sent_items/152.
10400	1	data/samples/email/src/maildir/semperger-c/sent_items/59.
10400	1	data/samples/email/src/maildir/semperger-c/sent_items/7.
10400	1	data/samples/email/src/maildir/shackleton-s/all_documents/4194.
10400	1	data/samples/email/src/maildir/shackleton-s/all_documents/4540.
10400	1	data/samples/email/src/maildir/shackleton-s/all_documents/9903.
10400	1	data/samples/email/src/maildir/shackleton-s/notes_inbox/430.
10400	1	data/samples/email/src/maildir/shackleton-s/notes_inbox/631.
10400	1	data/samples/email/src/maildir/shackleton-s/organizational_changes/39.
10400	1	data/samples/email/src/maildir/shapiro-r/deleted_items/1106.
10400	1	data/samples/email/src/maildir/shapiro-r/deleted_items/776.
10400	1	data/samples/email/src/maildir/shapiro-r/personal/104.
10400	1	data/samples/email/src/maildir/smith-m/_sent_mail/2.
10400	1	data/samples/email/src/maildir/smith-m/_sent_mail/230.
10400	1	data/samples/email/src/maildir/smith-m/all_documents/242.
10400	1	data/samples/email/src/maildir/smith-m/discussion_threads/83.
10400	1	data/samples/email/src/maildir/smith-m/inbox/420.
10400	1	data/samples/email/src/maildir/smith-m/inbox/456.
10400	1	data/samples/email/src/maildir/smith-m/sent/227.
10400	1	data/samples/email/src/maildir/stclair-c/all_documents/79.
10400	1	data/samples/email/src/maildir/stclair-c/sent/76.
10400	1	data/samples/email/src/maildir/steffes-j/california_issues/pnw_refunds/16.
10400	1	data/samples/email/src/maildir/steffes-j/deleted_items/144.
10400	1	data/samples/email/src/maildir/steffes-j/deleted_items/149.
10400	1	data/samples/email/src/maildir/steffes-j/passwords/2.
10400	1	data/samples/email/src/maildir/steffes-j/sent_items/1098.
10400	1	data/samples/email/src/maildir/steffes-j/sent_items/1192.
10400	1	data/samples/email/src/maildir/steffes-j/sent_items/1197.
10400	1	data/samples/email/src/maildir/steffes-j/sent_items/386.
10400	1	data/samples/email/src/maildir/steffes-j/sent_items/619.
10400	1	data/samples/email/src/maildir/steffes-j/sent_items/689.
10400	1	data/samples/email/src/maildir/stepenovitch-j/inbox/138.
10400	1	data/samples/email/src/maildir/stokley-c/chris_stokley/projects/ees_/metering_and_forcasting/17.
10400	1	data/samples/email/src/maildir/stokley-c/chris_stokley/volume_mang_/30.
10400	1	data/samples/email/src/maildir/stokley-c/chris_stokley/volume_mang_/38.
10400	1	data/samples/email/src/maildir/stokley-c/chris_stokley/volume_mang_/39.
10400	1	data/samples/email/src/maildir/stokley-c/chris_stokley/volume_mang_/40.
10400	1	data/samples/email/src/maildir/stokley-c/chris_stokley/volume_mang_/41.
10400	1	data/samples/email/src/maildir/stokley-c/chris_stokley/volume_mang_/42.
10400	1	data/samples/email/src/maildir/storey-g/all_documents/64.
10400	1	data/samples/email/src/maildir/storey-g/deleted_items/11.
10400	1	data/samples/email/src/maildir/storey-g/deleted_items/172.
10400	1	data/samples/email/src/maildir/storey-g/discussion_threads/61.
10400	1	data/samples/email/src/maildir/storey-g/it/35.
10400	1	data/samples/email/src/maildir/storey-g/it/77.
10400	1	data/samples/email/src/maildir/sturm-f/deleted_items/50.
10400	1	data/samples/email/src/maildir/symes-k/_sent_mail/1053.
10400	1	data/samples/email/src/maildir/symes-k/all_documents/2615.
10400	1	data/samples/email/src/maildir/symes-k/all_documents/724.
10400	1	data/samples/email/src/maildir/symes-k/all_documents/727.
10400	1	data/samples/email/src/maildir/symes-k/corporate_comm/200.
10400	1	data/samples/email/src/maildir/symes-k/deal_communication/deal_discrepancies/188.
10400	1	data/samples/email/src/maildir/symes-k/discussion_threads/2507.
10400	1	data/samples/email/src/maildir/symes-k/discussion_threads/681.
10400	1	data/samples/email/src/maildir/symes-k/discussion_threads/682.
10400	1	data/samples/email/src/maildir/symes-k/sent/272.
10400	1	data/samples/email/src/maildir/taylor-m/all_documents/3090.
10400	1	data/samples/email/src/maildir/taylor-m/all_documents/3219.
10400	1	data/samples/email/src/maildir/taylor-m/all_documents/7900.
10400	1	data/samples/email/src/maildir/taylor-m/all_documents/8293.
10400	1	data/samples/email/src/maildir/taylor-m/all_documents/832.
10400	1	data/samples/email/src/maildir/taylor-m/archive/11_99/23.
10400	1	data/samples/email/src/maildir/taylor-m/archive/2001_06/5.
10400	1	data/samples/email/src/maildir/taylor-m/archive/8_00/200.
10400	1	data/samples/email/src/maildir/taylor-m/archive/9_00/43.
10400	1	data/samples/email/src/maildir/taylor-m/archive/november1999/23.
10400	1	data/samples/email/src/maildir/taylor-m/deleted_items/625.
10400	1	data/samples/email/src/maildir/taylor-m/notes_inbox/1341.
10400	1	data/samples/email/src/maildir/taylor-m/notes_inbox/1413.
10400	1	data/samples/email/src/maildir/taylor-m/notes_inbox/2149.
10400	1	data/samples/email/src/maildir/taylor-m/sent/3263.
10400	1	data/samples/email/src/maildir/taylor-m/sent_items/299.
10400	1	data/samples/email/src/maildir/tholt-j/inbox/41.
10400	1	data/samples/email/src/maildir/thomas-p/deleted_items/222.
10400	1	data/samples/email/src/maildir/thomas-p/inbox/100.
10400	1	data/samples/email/src/maildir/townsend-j/deleted_items/127.
10400	1	data/samples/email/src/maildir/townsend-j/deleted_items/62.
10400	1	data/samples/email/src/maildir/townsend-j/inbox/298.
10400	1	data/samples/email/src/maildir/townsend-j/inbox/73.
10400	1	data/samples/email/src/maildir/tycholiz-b/deleted_items/119.
10400	1	data/samples/email/src/maildir/tycholiz-b/inbox/40.
10400	1	data/samples/email/src/maildir/ward-k/sent_items/740.
10400	1	data/samples/email/src/maildir/watson-k/e_mail_bin/204.
10400	1	data/samples/email/src/maildir/watson-k/e_mail_bin/215.
10400	1	data/samples/email/src/maildir/watson-k/e_mail_bin/263.
10400	1	data/samples/email/src/maildir/watson-k/e_mail_bin/268.
10400	1	data/samples/email/src/maildir/watson-k/e_mail_bin/282.
10400	1	data/samples/email/src/maildir/watson-k/e_mail_bin/289.
10400	1	data/samples/email/src/maildir/watson-k/e_mail_bin/294.
10400	1	data/samples/email/src/maildir/watson-k/e_mail_bin/379.
10400	1	data/samples/email/src/maildir/watson-k/e_mail_bin/391.
10400	1	data/samples/email/src/maildir/watson-k/e_mail_bin/437.
10400	1	data/samples/email/src/maildir/watson-k/e_mail_bin/558.
10400	1	data/samples/email/src/maildir/whalley-g/sent_items/28.
10400	1	data/samples/email/src/maildir/white-s/deleted_items/44.
10400	1	data/samples/email/src/maildir/white-s/deleted_items/45.
10400	1	data/samples/email/src/maildir/white-s/deleted_items/46.
10400	1	data/samples/email/src/maildir/white-s/inbox/245.
10400	1	data/samples/email/src/maildir/white-s/inbox/48.
10400	1	data/samples/email/src/maildir/white-s/sent_items/212.
10400	1	data/samples/email/src/maildir/whitt-m/inbox/103.
10400	1	data/samples/email/src/maildir/whitt-m/inbox/112.
10400	1	data/samples/email/src/maildir/williams-j/deleted_items/440.
10400	1	data/samples/email/src/maildir/williams-j/inbox/10.
10400	1	data/samples/email/src/maildir/williams-w3/inbox/61.
10400	1	data/samples/email/src/maildir/wolfe-j/06_saved/100.
10400	1	data/samples/email/src/maildir/wolfe-j/06_saved/45.
10400	1	data/samples/email/src/maildir/wolfe-j/10_saved/18.
10400	1	data/samples/email/src/maildir/wolfe-j/inbox/135.
10400	1	data/samples/email/src/maildir/wolfe-j/inbox/136.
10400	1	data/samples/email/src/maildir/wolfe-j/inbox/142.
10400	1	data/samples/email/src/maildir/wolfe-j/inbox/83.
10400	1	data/samples/email/src/maildir/ybarbo-p/all_documents/64.
10400	1	data/samples/email/src/maildir/ybarbo-p/dabhol/10.
10400	1	data/samples/email/src/maildir/ybarbo-p/discussion_threads/54.
10400	1	data/samples/email/src/maildir/ybarbo-p/inbox/230.
10400	1	data/samples/email/src/maildir/ybarbo-p/inbox/296.
10400	1	data/samples/email/src/maildir/zipper-a/all_documents/39.
10400	1	data/samples/email/src/maildir/zipper-a/discussion_threads/34.
10400	1	data/samples/email/src/maildir/zipper-a/espeed/1.
10400	1	data/samples/email/src/maildir/zipper-a/espeed/9.
10400	1	data/samples/email/src/maildir/zipper-a/tq/63.
10400	1	data/samples/email/src/maildir/zufferli-j/sent_items/151.
