00	Surat Ijin Mengemudi
01	SMART SIM
02	Non-SMART SIM
03	nomor SIM
04	nomor lisensi
05	DriverLic
06	DriverLics
07	DriverLicense
08	DriverLicenses
09	Driver Lic
10	Driver Lics
11	Driver License
12	Driver Licenses
13	DriversLic
14	DriversLics
15	DriversLicense
16	DriversLicenses
17	Drivers Lic
18	Drivers Lics
19	Drivers License
20	Drivers Licenses
21	Driver'Lic
22	Driver'Lics
23	Driver'License
24	Driver'Licenses
25	Driver' Lic
26	Driver' Lics
27	Driver' License
28	Driver' Licenses
29	Driver'sLic
30	Driver'sLics
31	Driver'sLicense
32	Driver'sLicenses
33	Driver's Lic
34	Driver's Lics
35	Driver's License
36	Driver's Licenses
37	DriverLic#
38	DriverLics#
39	DriverLicense#
40	DriverLicenses#
41	Driver Lic#
42	Driver Lics#
43	Driver License#
44	Driver Licenses#
45	DriversLic#
46	DriversLics#
47	DriversLicense#
48	DriversLicenses#
49	Drivers Lic#
50	Drivers Lics#
51	Drivers License#
52	Drivers Licenses#
53	Driver'Lic#
54	Driver'Lics#
55	Driver'License#
56	Driver'Licenses#
57	Driver' Lic#
58	Driver' Lics#
59	Driver' License#
60	Driver' Licenses#
61	Driver'sLic#
62	Driver'sLics#
63	Driver'sLicense#
64	Driver'sLicenses#
65	Driver's Lic#
66	Driver's Lics#
67	Driver's License#
68	Driver's Licenses#
