00	driverlic
01	driverlics
02	driverlicense
03	driverlicenses
04	driverlicence
05	driverlicences
06	driver lic
07	driver lics
08	driver license
09	driver licenses
10	driver licence
11	driver licences
12	driverslic
13	driverslics
14	driverslicence
15	driverslicences
16	driverslicense
17	driverslicenses
18	drivers lic
19	drivers lics
20	drivers license
21	drivers licenses
22	drivers licence
23	drivers licences
24	driver'lic
25	driver'lics
26	driver'license
27	driver'licenses
28	driver'licence
29	driver'licences
30	driver' lic
31	driver' lics
32	driver' license
33	driver' licenses
34	driver' licence
35	driver' licences
36	driver'slic
37	driver'slics
38	driver'slicense
39	driver'slicenses
40	driver'slicence
41	driver'slicences
42	driver's lic
43	driver's lics
44	driver's license
45	driver's licenses
46	driver's licence
47	driver's licences
48	dls#
49	driverlic#
50	driverlics#
51	driverlicense#
52	driverlicenses#
53	driverlicence#
54	driverlicences#
55	driver lic#
56	driver lics#
57	driver license#
58	driver licenses#
59	driver licences#
60	driverslic#
61	driverslics#
62	driverslicense#
63	driverslicenses#
64	driverslicence#
65	driverslicences#
66	drivers lic#
67	drivers lics#
68	drivers license#
69	drivers licenses#
70	drivers licence#
71	drivers licences#
72	driver'lic#
73	driver'lics#
74	driver'license#
75	driver'licenses#
76	driver'licence#
77	driver'licences#
78	driver' lic#
79	driver' lics#
80	driver' license#
81	driver' licenses#
82	driver' licence#
83	driver' licences#
84	driver'slic#
85	driver'slics#
86	driver'slicense#
87	driver'slicenses#
88	driver'slicence#
89	driver'slicences#
90	driver's lic#
91	driver's lics#
92	driver's license#
93	driver's licenses#
94	driver's licence#
95	driver's licences#
96	driving licence
97	driving license
98	dlno#
99	driv lic
100	driv licen
101	driv license
102	driv licenses
103	driv licence
104	driv licences
105	driver licen
106	drivers licen
107	driver's licen
108	driving lic
109	driving licen
110	driving licenses
111	driving licence
112	driving licences
113	driving permit
114	dl no
115	dlno
116	dl number
117	carteira de motorista
118	carteira motorista
