00	SIM
01	Surat Ijin Mengemudi
02	SMART SIM
03	Non-SMART SIM
04	nomor SIM
05	nomor lisensi
06	DriverLic
07	DriverLics
08	DriverLicense
09	DriverLicenses
10	Driver Lic
11	Driver Lics
12	Driver License
13	Driver Licenses
14	DriversLic
15	DriversLics
16	DriversLicense
17	DriversLicenses
18	Drivers Lic
19	Drivers Lics
20	Drivers License
21	Drivers Licenses
22	Driver'Lic
23	Driver'Lics
24	Driver'License
25	Driver'Licenses
26	Driver' Lic
27	Driver' Lics
28	Driver' License
29	Driver' Licenses
30	Driver'sLic
31	Driver'sLics
32	Driver'sLicense
33	Driver'sLicenses
34	Driver's Lic
35	Driver's Lics
36	Driver's License
37	Driver's Licenses
38	DriverLic#
39	DriverLics#
40	DriverLicense#
41	DriverLicenses#
42	Driver Lic#
43	Driver Lics#
44	Driver License#
45	Driver Licenses#
46	DriversLic#
47	DriversLics#
48	DriversLicense#
49	DriversLicenses#
50	Drivers Lic#
51	Drivers Lics#
52	Drivers License#
53	Drivers Licenses#
54	Driver'Lic#
55	Driver'Lics#
56	Driver'License#
57	Driver'Licenses#
58	Driver' Lic#
59	Driver' Lics#
60	Driver' License#
61	Driver' Licenses#
62	Driver'sLic#
63	Driver'sLics#
64	Driver'sLicense#
65	Driver'sLicenses#
66	Driver's Lic#
67	Driver's Lics#
68	Driver's License#
69	Driver's Licenses#
