00	international driving permits
01	australian automobile associatio
02	international driving permit
03	DriverLicence
04	DriverLicences
05	Driver Lic
06	Driver Licence
07	Driver Licences
08	DriversLic
09	DriversLicence
10	DriversLicences
11	Drivers Lic
12	Drivers Lics
13	Drivers Licence
14	Drivers Licences
15	Driver'Lic
16	Driver'Lics
17	Driver'Licence
18	Driver'Licences
19	Driver' Lic
20	Driver' Lics
21	Driver' Licence
22	Driver' Licences
23	Driver'sLic
24	Driver'sLics
25	Driver'sLicence
26	Driver'sLicences
27	Driver's Lic
28	Driver's Lics
29	Driver's Licence
30	Driver's Licences
31	DriverLic#
32	DriverLics#
33	DriverLicence#
34	DriverLicences#
35	Driver Lic#
36	Driver Lics#
37	Driver Licence#
38	Driver Licences#
39	DriversLic#
40	DriversLics#
41	DriversLicence#
42	DriversLicences#
43	Drivers Lic#
44	Drivers Lics#
45	Drivers Licence#
46	Drivers Licences#
47	Driver'Lic#
48	Driver'Lics#
49	Driver'Licence#
50	Driver'Licences#
51	Driver' Lic#
52	Driver' Lics#
53	Driver' Licence#
54	Driver' Licences#
55	Driver'sLic#
56	Driver'sLics#
57	Driver'sLicence#
58	Driver'sLicences#
59	Driver's Lic#
60	Driver's Lics#
61	Driver's Licence#
62	Driver's Licences#
