00	DL
01	DLS
02	CDL
03	CDLS
04	DriverLic
05	DriverLics
06	DriverLicense
07	DriverLicenses
08	DriverLicence
09	DriverLicences
10	Driver Lic
11	Driver Lics
12	Driver License
13	Driver Licenses
14	Driver Licence
15	Driver Licences
16	DriversLic
17	DriversLics
18	DriversLicence
19	DriversLicences
20	DriversLicense
21	DriversLicenses
22	Drivers Lic
23	Drivers Lics
24	Drivers License
25	Drivers Licenses
26	Drivers Licence
27	Drivers Licences
28	Driver'Lic
29	Driver'Lics
30	Driver'License
31	Driver'Licenses
32	Driver'Licence
33	Driver'Licences
34	Driver' Lic
35	Driver' Lics
36	Driver' License
37	Driver' Licenses
38	Driver' Licence
39	Driver' Licences
40	Driver'sLic
41	Driver'sLics
42	Driver'sLicense
43	Driver'sLicenses
44	Driver'sLicence
45	Driver'sLicences
46	Driver's Lic
47	Driver's Lics
48	Driver's License
49	Driver's Licenses
50	Driver's Licence
51	Driver's Licences
52	Permis de Conduire
53	id
54	ids
55	idcard number
56	idcard numbers
57	idcard #
58	idcard #s
59	idcard card
60	idcard cards
61	idcard
62	identification number
63	identification numbers
64	identification #
65	identification #s
66	identification card
67	identification cards
68	identification
69	DL#
70	DLS#
71	CDL#
72	CDLS#
73	DriverLic#
74	DriverLics#
75	DriverLicense#
76	DriverLicenses#
77	DriverLicence#
78	DriverLicences#
79	Driver Lic#
80	Driver Lics#
81	Driver License#
82	Driver Licenses#
83	Driver License#
84	Driver Licences#
85	DriversLic#
86	DriversLics#
87	DriversLicense#
88	DriversLicenses#
89	DriversLicence#
90	DriversLicences#
91	Drivers Lic#
92	Drivers Lics#
93	Drivers License#
94	Drivers Licenses#
95	Drivers Licence#
96	Drivers Licences#
97	Driver'Lic#
98	Driver'Lics#
99	Driver'License#
100	Driver'Licenses#
101	Driver'Licence#
102	Driver'Licences#
103	Driver' Lic#
104	Driver' Lics#
105	Driver' License#
106	Driver' Licenses#
107	Driver' Licence#
108	Driver' Licences#
109	Driver'sLic#
110	Driver'sLics#
111	Driver'sLicense#
112	Driver'sLicenses#
113	Driver'sLicence#
114	Driver'sLicences#
115	Driver's Lic#
116	Driver's Lics#
117	Driver's License#
118	Driver's Licenses#
119	Driver's Licence#
120	Driver's Licences#
121	Permis de Conduire#
122	id#
123	ids#
124	idcard card#
125	idcard cards#
126	idcard#
127	identification card#
128	identification cards#
129	identification#
